time_index,energy_period_0,energy_period_1
2010-01-01 00:00:00+00:00,8.561800003051758,8.714200019836426
2010-01-01 03:00:00+00:00,8.90369987487793,9.127900123596191
2010-01-01 06:00:00+00:00,9.214200019836426,9.202300071716309
2010-01-01 09:00:00+00:00,8.947999954223633,9.25570011138916
2010-01-01 12:00:00+00:00,8.8951997756958,9.375100135803223
2010-01-01 15:00:00+00:00,8.599100112915039,9.368900299072266
2010-01-01 18:00:00+00:00,9.59630012512207,10.79539966583252
2010-01-01 21:00:00+00:00,11.297499656677246,12.095800399780273
2010-01-02 00:00:00+00:00,11.901800155639648,12.574299812316895
2010-01-02 03:00:00+00:00,12.095000267028809,12.773300170898438
2010-01-02 06:00:00+00:00,12.203300476074219,12.694899559020996
2010-01-02 09:00:00+00:00,12.171899795532227,12.526300430297852
2010-01-02 12:00:00+00:00,11.887299537658691,12.277600288391113
2010-01-02 15:00:00+00:00,11.77400016784668,12.101200103759766
2010-01-02 18:00:00+00:00,11.593899726867676,11.822500228881836
2010-01-02 21:00:00+00:00,11.413900375366211,11.492400169372559
2010-01-03 00:00:00+00:00,11.200400352478027,11.196700096130371
2010-01-03 03:00:00+00:00,10.953499794006348,10.92590045928955
2010-01-03 06:00:00+00:00,10.668399810791016,10.629899978637695
2010-01-03 09:00:00+00:00,10.365599632263184,10.344400405883789
2010-01-03 12:00:00+00:00,10.139699935913086,10.101099967956543
2010-01-03 15:00:00+00:00,9.985699653625488,9.726799964904785
2010-01-03 18:00:00+00:00,9.788399696350098,9.291500091552734
2010-01-03 21:00:00+00:00,9.294500350952148,9.309200286865234
2010-01-04 00:00:00+00:00,9.457900047302246,9.4621000289917
2010-01-04 03:00:00+00:00,9.598799705505371,9.618900299072266
2010-01-04 06:00:00+00:00,9.710399627685547,9.14780044555664
2010-01-04 09:00:00+00:00,9.000800132751465,8.054800033569336
2010-01-04 12:00:00+00:00,8.048600196838379,7.762899875640869
2010-01-04 15:00:00+00:00,8.163999557495117,8.287199974060059
2010-01-04 18:00:00+00:00,8.605199813842773,8.82859992980957
2010-01-04 21:00:00+00:00,9.080300331115723,8.931900024414062
2010-01-05 00:00:00+00:00,9.137299537658691,8.833100318908691
2010-01-05 03:00:00+00:00,9.228699684143066,8.604100227355957
2010-01-05 06:00:00+00:00,8.970199584960938,8.428799629211426
2010-01-05 09:00:00+00:00,8.972000122070312,8.325400352478027
2010-01-05 12:00:00+00:00,8.608499526977539,8.08180046081543
2010-01-05 15:00:00+00:00,8.23799991607666,7.80810022354126
2010-01-05 18:00:00+00:00,8.173800468444824,7.613100051879883
2010-01-05 21:00:00+00:00,8.434700012207031,7.542099952697754
2010-01-06 00:00:00+00:00,8.503199577331543,7.380099773406982
2010-01-06 03:00:00+00:00,8.289400100708008,7.279900074005127
2010-01-06 06:00:00+00:00,7.798600196838379,7.2947998046875
2010-01-06 09:00:00+00:00,8.04699993133545,7.7480998039245605
2010-01-06 12:00:00+00:00,8.393199920654297,8.308199882507324
2010-01-06 15:00:00+00:00,9.009400367736816,9.299699783325195
2010-01-06 18:00:00+00:00,9.643199920654297,10.049300193786621
2010-01-06 21:00:00+00:00,10.12969970703125,10.4350004196167
2010-01-07 00:00:00+00:00,10.401399612426758,10.598999977111816
2010-01-07 03:00:00+00:00,10.558300018310547,10.746299743652344
2010-01-07 06:00:00+00:00,10.219499588012695,11.01259994506836
2010-01-07 09:00:00+00:00,10.546099662780762,11.51930046081543
2010-01-07 12:00:00+00:00,11.03320026397705,12.331899642944336
2010-01-07 15:00:00+00:00,11.855400085449219,13.115500450134277
2010-01-07 18:00:00+00:00,12.591699600219727,13.046799659729004
2010-01-07 21:00:00+00:00,13.06089973449707,12.417200088500977
2010-01-08 00:00:00+00:00,12.886799812316895,11.53909969329834
2010-01-08 03:00:00+00:00,12.623499870300293,11.62030029296875
2010-01-08 06:00:00+00:00,12.538399696350098,11.557499885559082
2010-01-08 09:00:00+00:00,12.558600425720215,11.736800193786621
2010-01-08 12:00:00+00:00,12.443900108337402,11.568599700927734
2010-01-08 15:00:00+00:00,12.29990005493164,11.387700080871582
2010-01-08 18:00:00+00:00,12.040900230407715,10.623800277709961
2010-01-08 21:00:00+00:00,11.775699615478516,9.737000465393066
2010-01-09 00:00:00+00:00,10.776900291442871,9.589400291442871
2010-01-09 03:00:00+00:00,10.493300437927246,9.964799880981445
2010-01-09 06:00:00+00:00,10.420599937438965,10.059599876403809
2010-01-09 09:00:00+00:00,10.772100448608398,10.264399528503418
2010-01-09 12:00:00+00:00,10.629599571228027,10.421799659729004
2010-01-09 15:00:00+00:00,11.355400085449219,11.35789966583252
2010-01-09 18:00:00+00:00,12.27929973602295,12.368000030517578
2010-01-09 21:00:00+00:00,13.224300384521484,13.357000350952148
2010-01-10 00:00:00+00:00,13.720399856567383,13.59060001373291
2010-01-10 03:00:00+00:00,13.865599632263184,13.711700439453125
2010-01-10 06:00:00+00:00,13.77239990234375,13.605999946594238
2010-01-10 09:00:00+00:00,13.547499656677246,13.300399780273438
2010-01-10 12:00:00+00:00,13.236900329589844,12.378600120544434
2010-01-10 15:00:00+00:00,12.793299674987793,11.566900253295898
2010-01-10 18:00:00+00:00,11.928099632263184,10.440500259399414
2010-01-10 21:00:00+00:00,11.039600372314453,9.319999694824219
2010-01-11 00:00:00+00:00,10.31879997253418,8.882800102233887
2010-01-11 03:00:00+00:00,10.197199821472168,9.292099952697754
2010-01-11 06:00:00+00:00,10.539400100708008,9.576499938964844
2010-01-11 09:00:00+00:00,11.264800071716309,10.161600112915039
2010-01-11 12:00:00+00:00,11.88070011138916,10.61709976196289
2010-01-11 15:00:00+00:00,12.00409984588623,10.562700271606445
2010-01-11 18:00:00+00:00,11.68589973449707,10.711700439453125
2010-01-11 21:00:00+00:00,11.694100379943848,10.618200302124023
2010-01-12 00:00:00+00:00,11.91569995880127,11.155099868774414
2010-01-12 03:00:00+00:00,12.010299682617188,11.527600288391113
2010-01-12 06:00:00+00:00,12.089799880981445,11.52340030670166
2010-01-12 09:00:00+00:00,12.213700294494629,11.947600364685059
2010-01-12 12:00:00+00:00,12.370200157165527,12.256699562072754
2010-01-12 15:00:00+00:00,12.932299613952637,12.495800018310547
2010-01-12 18:00:00+00:00,13.084400177001953,12.793700218200684
2010-01-12 21:00:00+00:00,12.827300071716309,12.95300006866455
2010-01-13 00:00:00+00:00,13.025500297546387,12.724699974060059
2010-01-13 03:00:00+00:00,13.489399909973145,12.650799751281738
2010-01-13 06:00:00+00:00,13.722599983215332,12.088199615478516
2010-01-13 09:00:00+00:00,13.64840030670166,11.77869987487793
2010-01-13 12:00:00+00:00,12.229900360107422,11.473299980163574
2010-01-13 15:00:00+00:00,11.337699890136719,11.271400451660156
2010-01-13 18:00:00+00:00,11.009400367736816,11.80780029296875
2010-01-13 21:00:00+00:00,10.888500213623047,12.145500183105469
2010-01-14 00:00:00+00:00,11.08810043334961,12.217599868774414
2010-01-14 03:00:00+00:00,11.666399955749512,12.298299789428711
2010-01-14 06:00:00+00:00,11.87440013885498,12.282699584960938
2010-01-14 09:00:00+00:00,11.918299674987793,12.0871000289917
2010-01-14 12:00:00+00:00,11.751399993896484,11.390299797058105
2010-01-14 15:00:00+00:00,10.90779972076416,10.672300338745117
2010-01-14 18:00:00+00:00,10.003800392150879,9.786800384521484
2010-01-14 21:00:00+00:00,9.399499893188477,9.139300346374512
2010-01-15 00:00:00+00:00,9.413399696350098,9.16189956665039
2010-01-15 03:00:00+00:00,9.946800231933594,9.583000183105469
2010-01-15 06:00:00+00:00,10.376399993896484,9.53339958190918
2010-01-15 09:00:00+00:00,10.501199722290039,9.548199653625488
2010-01-15 12:00:00+00:00,10.083200454711914,9.512100219726562
2010-01-15 15:00:00+00:00,9.430299758911133,9.536700248718262
2010-01-15 18:00:00+00:00,10.015899658203125,9.577500343322754
2010-01-15 21:00:00+00:00,10.864399909973145,10.608699798583984
2010-01-16 00:00:00+00:00,11.189599990844727,10.964699745178223
2010-01-16 03:00:00+00:00,11.275199890136719,11.10200023651123
2010-01-16 06:00:00+00:00,11.347900390625,11.106399536132812
2010-01-16 09:00:00+00:00,11.356900215148926,10.88379955291748
2010-01-16 12:00:00+00:00,11.27239990234375,10.753499984741211
2010-01-16 15:00:00+00:00,11.096500396728516,10.65530014038086
2010-01-16 18:00:00+00:00,10.89169979095459,10.48490047454834
2010-01-16 21:00:00+00:00,10.713500022888184,10.044899940490723
2010-01-17 00:00:00+00:00,10.44219970703125,10.044400215148926
2010-01-17 03:00:00+00:00,9.039899826049805,9.720800399780273
2010-01-17 06:00:00+00:00,8.61769962310791,8.182700157165527
2010-01-17 09:00:00+00:00,8.306599617004395,7.751500129699707
2010-01-17 12:00:00+00:00,8.140199661254883,8.206199645996094
2010-01-17 15:00:00+00:00,10.172499656677246,9.402899742126465
2010-01-17 18:00:00+00:00,11.040499687194824,9.89680004119873
2010-01-17 21:00:00+00:00,12.40149974822998,10.2322998046875
2010-01-18 00:00:00+00:00,11.800999641418457,11.542799949645996
2010-01-18 03:00:00+00:00,11.678500175476074,11.573100090026855
2010-01-18 06:00:00+00:00,11.981300354003906,12.083100318908691
2010-01-18 09:00:00+00:00,12.227999687194824,12.965100288391113
2010-01-18 12:00:00+00:00,13.245400428771973,13.456100463867188
2010-01-18 15:00:00+00:00,13.704899787902832,13.841500282287598
2010-01-18 18:00:00+00:00,13.780500411987305,13.683199882507324
2010-01-18 21:00:00+00:00,13.734999656677246,12.880399703979492
2010-01-19 00:00:00+00:00,13.716300010681152,12.083800315856934
2010-01-19 03:00:00+00:00,13.720800399780273,11.485099792480469
2010-01-19 06:00:00+00:00,13.162699699401855,11.310999870300293
2010-01-19 09:00:00+00:00,10.9266996383667,12.084799766540527
2010-01-19 12:00:00+00:00,12.350899696350098,12.616600036621094
2010-01-19 15:00:00+00:00,13.049799919128418,12.099200248718262
2010-01-19 18:00:00+00:00,12.444000244140625,12.02929973602295
2010-01-19 21:00:00+00:00,12.530799865722656,11.467900276184082
2010-01-20 00:00:00+00:00,11.241800308227539,11.324399948120117
2010-01-20 03:00:00+00:00,11.08430004119873,12.072799682617188
2010-01-20 06:00:00+00:00,11.831299781799316,13.223699569702148
2010-01-20 09:00:00+00:00,13.013500213623047,13.494799613952637
2010-01-20 12:00:00+00:00,13.33489990234375,13.135299682617188
2010-01-20 15:00:00+00:00,13.368000030517578,13.031299591064453
2010-01-20 18:00:00+00:00,13.188300132751465,12.806500434875488
2010-01-20 21:00:00+00:00,12.999199867248535,12.565500259399414
2010-01-21 00:00:00+00:00,12.860199928283691,11.619400024414062
2010-01-21 03:00:00+00:00,12.699299812316895,11.455499649047852
2010-01-21 06:00:00+00:00,12.356900215148926,11.202400207519531
2010-01-21 09:00:00+00:00,12.20989990234375,11.032400131225586
2010-01-21 12:00:00+00:00,12.144100189208984,10.71660041809082
2010-01-21 15:00:00+00:00,10.227800369262695,10.047200202941895
2010-01-21 18:00:00+00:00,9.890999794006348,9.928199768066406
2010-01-21 21:00:00+00:00,10.330100059509277,10.309399604797363
2010-01-22 00:00:00+00:00,10.459500312805176,10.757599830627441
2010-01-22 03:00:00+00:00,10.808300018310547,11.098999977111816
2010-01-22 06:00:00+00:00,11.052000045776367,11.217100143432617
2010-01-22 09:00:00+00:00,11.180299758911133,11.324299812316895
2010-01-22 12:00:00+00:00,11.321599960327148,11.517800331115723
2010-01-22 15:00:00+00:00,11.605799674987793,11.969799995422363
2010-01-22 18:00:00+00:00,12.234800338745117,12.839300155639648
2010-01-22 21:00:00+00:00,13.06149959564209,13.498800277709961
2010-01-23 00:00:00+00:00,13.484000205993652,13.454500198364258
2010-01-23 03:00:00+00:00,13.601499557495117,13.432299613952637
2010-01-23 06:00:00+00:00,13.412799835205078,13.084199905395508
2010-01-23 09:00:00+00:00,13.072699546813965,12.639599800109863
2010-01-23 12:00:00+00:00,12.638799667358398,12.31029987335205
2010-01-23 15:00:00+00:00,12.163599967956543,12.055399894714355
2010-01-23 18:00:00+00:00,11.816499710083008,11.738300323486328
2010-01-23 21:00:00+00:00,11.519599914550781,11.300299644470215
2010-01-24 00:00:00+00:00,11.207799911499023,10.77180004119873
2010-01-24 03:00:00+00:00,10.742300033569336,10.567399978637695
2010-01-24 06:00:00+00:00,10.254599571228027,9.371199607849121
2010-01-24 09:00:00+00:00,9.843500137329102,8.110699653625488
2010-01-24 12:00:00+00:00,8.684499740600586,8.293999671936035
2010-01-24 15:00:00+00:00,9.008500099182129,9.061200141906738
2010-01-24 18:00:00+00:00,9.256600379943848,9.869500160217285
2010-01-24 21:00:00+00:00,10.88860034942627,10.16409969329834
2010-01-25 00:00:00+00:00,10.49839973449707,10.857999801635742
2010-01-25 03:00:00+00:00,11.037799835205078,11.038599967956543
2010-01-25 06:00:00+00:00,10.942399978637695,10.810400009155273
2010-01-25 09:00:00+00:00,11.035900115966797,11.871100425720215
2010-01-25 12:00:00+00:00,12.736599922180176,13.725000381469727
2010-01-25 15:00:00+00:00,13.902299880981445,14.337800025939941
2010-01-25 18:00:00+00:00,14.19279956817627,14.24530029296875
2010-01-25 21:00:00+00:00,14.006699562072754,13.905200004577637
2010-01-26 00:00:00+00:00,13.661600112915039,13.460700035095215
2010-01-26 03:00:00+00:00,13.241000175476074,12.996800422668457
2010-01-26 06:00:00+00:00,12.836700439453125,12.596599578857422
2010-01-26 09:00:00+00:00,12.45359992980957,12.219099998474121
2010-01-26 12:00:00+00:00,12.100299835205078,11.894800186157227
2010-01-26 15:00:00+00:00,11.784899711608887,11.608400344848633
2010-01-26 18:00:00+00:00,11.497599601745605,11.359399795532227
2010-01-26 21:00:00+00:00,11.251299858093262,11.141200065612793
2010-01-27 00:00:00+00:00,11.035300254821777,10.925200462341309
2010-01-27 03:00:00+00:00,10.844900131225586,10.746899604797363
2010-01-27 06:00:00+00:00,10.698200225830078,10.589500427246094
2010-01-27 09:00:00+00:00,10.579999923706055,10.396100044250488
2010-01-27 12:00:00+00:00,10.48069953918457,10.383000373840332
2010-01-27 15:00:00+00:00,10.418100357055664,10.435700416564941
2010-01-27 18:00:00+00:00,10.412300109863281,10.408900260925293
2010-01-27 21:00:00+00:00,10.454899787902832,10.602299690246582
2010-01-28 00:00:00+00:00,10.479399681091309,10.608699798583984
2010-01-28 03:00:00+00:00,10.40820026397705,10.489299774169922
2010-01-28 06:00:00+00:00,10.267200469970703,10.362500190734863
2010-01-28 09:00:00+00:00,10.273799896240234,10.465299606323242
2010-01-28 12:00:00+00:00,10.234800338745117,10.88070011138916
2010-01-28 15:00:00+00:00,10.639100074768066,10.629599571228027
2010-01-28 18:00:00+00:00,10.773500442504883,10.284099578857422
2010-01-28 21:00:00+00:00,11.180299758911133,10.267399787902832
2010-01-29 00:00:00+00:00,11.34060001373291,9.851900100708008
2010-01-29 03:00:00+00:00,11.543800354003906,9.879899978637695
2010-01-29 06:00:00+00:00,11.651900291442871,10.038000106811523
2010-01-29 09:00:00+00:00,11.861700057983398,10.805399894714355
2010-01-29 12:00:00+00:00,12.155699729919434,11.156800270080566
2010-01-29 15:00:00+00:00,12.378499984741211,11.909700393676758
2010-01-29 18:00:00+00:00,12.432900428771973,11.546199798583984
2010-01-29 21:00:00+00:00,12.3927001953125,11.50730037689209
2010-01-30 00:00:00+00:00,12.216699600219727,11.422800064086914
2010-01-30 03:00:00+00:00,12.048100471496582,11.893099784851074
2010-01-30 06:00:00+00:00,12.051400184631348,12.203700065612793
2010-01-30 09:00:00+00:00,12.171299934387207,12.4483003616333
2010-01-30 12:00:00+00:00,12.352899551391602,12.678400039672852
2010-01-30 15:00:00+00:00,12.535900115966797,12.787699699401855
2010-01-30 18:00:00+00:00,12.588500022888184,12.728799819946289
2010-01-30 21:00:00+00:00,12.495100021362305,12.559800148010254
2010-01-31 00:00:00+00:00,12.313799858093262,12.345399856567383
2010-01-31 03:00:00+00:00,12.086600303649902,12.095800399780273
2010-01-31 06:00:00+00:00,11.82289981842041,11.811200141906738
2010-01-31 09:00:00+00:00,11.535400390625,11.507100105285645
2010-01-31 12:00:00+00:00,11.229000091552734,11.187999725341797
2010-01-31 15:00:00+00:00,10.907600402832031,10.864299774169922
2010-01-31 18:00:00+00:00,10.586799621582031,10.34119987487793
2010-01-31 21:00:00+00:00,10.301300048828125,9.892800331115723
2010-02-01 00:00:00+00:00,10.047599792480469,9.454299926757812
2010-02-01 03:00:00+00:00,9.76360034942627,8.8996000289917
2010-02-01 06:00:00+00:00,9.365300178527832,7.991199970245361
2010-02-01 09:00:00+00:00,8.846099853515625,7.582900047302246
2010-02-01 12:00:00+00:00,8.203900337219238,7.144999980926514
2010-02-01 15:00:00+00:00,8.021200180053711,7.3333001136779785
2010-02-01 18:00:00+00:00,8.09689998626709,7.551400184631348
2010-02-01 21:00:00+00:00,8.51550006866455,7.890699863433838
2010-02-02 00:00:00+00:00,8.358799934387207,8.362199783325195
2010-02-02 03:00:00+00:00,8.760600090026855,9.12090015411377
2010-02-02 06:00:00+00:00,9.434599876403809,10.112199783325195
2010-02-02 09:00:00+00:00,10.789299964904785,11.16919994354248
2010-02-02 12:00:00+00:00,11.618399620056152,11.388799667358398
2010-02-02 15:00:00+00:00,11.854900360107422,11.119799613952637
2010-02-02 18:00:00+00:00,11.681400299072266,10.60669994354248
2010-02-02 21:00:00+00:00,11.352499961853027,10.271900177001953
2010-02-03 00:00:00+00:00,11.014699935913086,9.405699729919434
2010-02-03 03:00:00+00:00,10.683799743652344,9.022199630737305
2010-02-03 06:00:00+00:00,10.23639965057373,8.74590015411377
2010-02-03 09:00:00+00:00,9.79539966583252,8.775500297546387
2010-02-03 12:00:00+00:00,9.396200180053711,8.674799919128418
2010-02-03 15:00:00+00:00,8.991999626159668,8.440199851989746
2010-02-03 18:00:00+00:00,8.672900199890137,8.438400268554688
2010-02-03 21:00:00+00:00,8.634900093078613,8.397500038146973
2010-02-04 00:00:00+00:00,8.615400314331055,8.729299545288086
2010-02-04 03:00:00+00:00,9.031800270080566,8.7568998336792
2010-02-04 06:00:00+00:00,9.047599792480469,8.673100471496582
2010-02-04 09:00:00+00:00,9.421199798583984,8.407500267028809
2010-02-04 12:00:00+00:00,9.499099731445312,8.20009994506836
2010-02-04 15:00:00+00:00,9.444600105285645,8.449899673461914
2010-02-04 18:00:00+00:00,9.337200164794922,8.458800315856934
2010-02-04 21:00:00+00:00,9.472800254821777,8.919300079345703
2010-02-05 00:00:00+00:00,10.104399681091309,10.7298002243042
2010-02-05 03:00:00+00:00,11.993800163269043,11.294500350952148
2010-02-05 06:00:00+00:00,12.021900177001953,11.075200080871582
2010-02-05 09:00:00+00:00,11.076199531555176,10.751999855041504
2010-02-05 12:00:00+00:00,10.949700355529785,10.677000045776367
2010-02-05 15:00:00+00:00,11.080499649047852,10.009200096130371
2010-02-05 18:00:00+00:00,10.615900039672852,9.41100025177002
2010-02-05 21:00:00+00:00,10.42770004272461,9.508199691772461
2010-02-06 00:00:00+00:00,10.431099891662598,9.269599914550781
2010-02-06 03:00:00+00:00,10.45300006866455,9.499099731445312
2010-02-06 06:00:00+00:00,10.654500007629395,10.073200225830078
2010-02-06 09:00:00+00:00,11.115400314331055,10.298399925231934
2010-02-06 12:00:00+00:00,11.158900260925293,10.559200286865234
2010-02-06 15:00:00+00:00,11.30459976196289,11.076299667358398
2010-02-06 18:00:00+00:00,11.61929988861084,11.581199645996094
2010-02-06 21:00:00+00:00,12.024200439453125,12.086899757385254
2010-02-07 00:00:00+00:00,12.452799797058105,12.628299713134766
2010-02-07 03:00:00+00:00,13.08810043334961,13.246700286865234
2010-02-07 06:00:00+00:00,13.438400268554688,13.477499961853027
2010-02-07 09:00:00+00:00,13.438599586486816,13.4576997756958
2010-02-07 12:00:00+00:00,13.385199546813965,13.397100448608398
2010-02-07 15:00:00+00:00,13.260899543762207,13.290800094604492
2010-02-07 18:00:00+00:00,13.054499626159668,13.097900390625
2010-02-07 21:00:00+00:00,12.715100288391113,12.724599838256836
2010-02-08 00:00:00+00:00,12.300100326538086,12.301899909973145
2010-02-08 03:00:00+00:00,11.95989990234375,12.005800247192383
2010-02-08 06:00:00+00:00,11.709099769592285,11.812000274658203
2010-02-08 09:00:00+00:00,11.46660041809082,11.60770034790039
2010-02-08 12:00:00+00:00,11.221099853515625,11.385600090026855
2010-02-08 15:00:00+00:00,11.081600189208984,11.27649974822998
2010-02-08 18:00:00+00:00,11.038800239562988,11.221400260925293
2010-02-08 21:00:00+00:00,10.95359992980957,11.083499908447266
2010-02-09 00:00:00+00:00,10.746299743652344,10.856599807739258
2010-02-09 03:00:00+00:00,10.5108003616333,10.624799728393555
2010-02-09 06:00:00+00:00,10.348799705505371,10.46310043334961
2010-02-09 09:00:00+00:00,10.333100318908691,10.41510009765625
2010-02-09 12:00:00+00:00,10.42490005493164,10.31089973449707
2010-02-09 15:00:00+00:00,10.419699668884277,10.211600303649902
2010-02-09 18:00:00+00:00,10.316100120544434,10.209099769592285
2010-02-09 21:00:00+00:00,10.266200065612793,10.27649974822998
2010-02-10 00:00:00+00:00,10.287799835205078,10.355500221252441
2010-02-10 03:00:00+00:00,10.309800148010254,10.407500267028809
2010-02-10 06:00:00+00:00,10.31149959564209,10.422599792480469
2010-02-10 09:00:00+00:00,10.286800384521484,10.386199951171875
2010-02-10 12:00:00+00:00,10.206000328063965,10.28030014038086
2010-02-10 15:00:00+00:00,9.731100082397461,9.734299659729004
2010-02-10 18:00:00+00:00,8.248499870300293,7.227200031280518
2010-02-10 21:00:00+00:00,7.008699893951416,7.0005998611450195
2010-02-11 00:00:00+00:00,8.156000137329102,8.036800384521484
2010-02-11 03:00:00+00:00,8.889699935913086,8.672499656677246
2010-02-11 06:00:00+00:00,9.323100090026855,9.152600288391113
2010-02-11 09:00:00+00:00,9.295000076293945,9.09850025177002
2010-02-11 12:00:00+00:00,8.98490047454834,8.65410041809082
2010-02-11 15:00:00+00:00,9.136799812316895,8.714200019836426
2010-02-11 18:00:00+00:00,9.19480037689209,9.010499954223633
2010-02-11 21:00:00+00:00,9.667900085449219,9.75510025024414
2010-02-12 00:00:00+00:00,9.756699562072754,10.660799980163574
2010-02-12 03:00:00+00:00,11.307600021362305,11.638500213623047
2010-02-12 06:00:00+00:00,11.847800254821777,12.391599655151367
2010-02-12 09:00:00+00:00,12.60509967803955,12.975299835205078
2010-02-12 12:00:00+00:00,12.875100135803223,11.704999923706055
2010-02-12 15:00:00+00:00,11.09529972076416,10.611700057983398
2010-02-12 18:00:00+00:00,10.991399765014648,11.19890022277832
2010-02-12 21:00:00+00:00,11.466899871826172,11.738300323486328
2010-02-13 00:00:00+00:00,11.612700462341309,12.327199935913086
2010-02-13 03:00:00+00:00,12.32289981842041,13.32610034942627
2010-02-13 06:00:00+00:00,13.527600288391113,14.558699607849121
2010-02-13 09:00:00+00:00,14.75100040435791,14.842399597167969
2010-02-13 12:00:00+00:00,15.094300270080566,13.704500198364258
2010-02-13 15:00:00+00:00,14.730799674987793,12.951499938964844
2010-02-13 18:00:00+00:00,13.463800430297852,11.546899795532227
2010-02-13 21:00:00+00:00,12.603500366210938,11.238800048828125
2010-02-14 00:00:00+00:00,12.201600074768066,11.238699913024902
2010-02-14 03:00:00+00:00,12.130000114440918,11.321000099182129
2010-02-14 06:00:00+00:00,12.6451997756958,12.45259952545166
2010-02-14 09:00:00+00:00,14.12090015411377,14.023599624633789
2010-02-14 12:00:00+00:00,14.721500396728516,14.493599891662598
2010-02-14 15:00:00+00:00,14.635299682617188,14.462900161743164
2010-02-14 18:00:00+00:00,14.42199993133545,14.332099914550781
2010-02-14 21:00:00+00:00,14.253700256347656,14.217000007629395
2010-02-15 00:00:00+00:00,14.104599952697754,14.076299667358398
2010-02-15 03:00:00+00:00,13.9266996383667,13.925800323486328
2010-02-15 06:00:00+00:00,13.73840045928955,13.751899719238281
2010-02-15 09:00:00+00:00,13.538900375366211,13.55840015411377
2010-02-15 12:00:00+00:00,13.339799880981445,13.357600212097168
2010-02-15 15:00:00+00:00,13.129500389099121,13.132200241088867
2010-02-15 18:00:00+00:00,12.893899917602539,12.620599746704102
2010-02-15 21:00:00+00:00,12.635899543762207,11.82390022277832
2010-02-16 00:00:00+00:00,12.182900428771973,10.322600364685059
2010-02-16 03:00:00+00:00,10.510199546813965,9.775300025939941
2010-02-16 06:00:00+00:00,9.737700462341309,9.410599708557129
2010-02-16 09:00:00+00:00,9.961899757385254,9.788700103759766
2010-02-16 12:00:00+00:00,10.31470012664795,10.760299682617188
2010-02-16 15:00:00+00:00,10.87279987335205,11.19379997253418
2010-02-16 18:00:00+00:00,11.194499969482422,11.498700141906738
2010-02-16 21:00:00+00:00,11.523799896240234,11.768099784851074
2010-02-17 00:00:00+00:00,11.714900016784668,11.83650016784668
2010-02-17 03:00:00+00:00,11.65880012512207,11.591400146484375
2010-02-17 06:00:00+00:00,11.464500427246094,11.396400451660156
2010-02-17 09:00:00+00:00,11.231800079345703,11.141200065612793
2010-02-17 12:00:00+00:00,10.97070026397705,10.775400161743164
2010-02-17 15:00:00+00:00,10.756199836730957,10.569199562072754
2010-02-17 18:00:00+00:00,10.650799751281738,10.526399612426758
2010-02-17 21:00:00+00:00,10.535200119018555,10.38539981842041
2010-02-18 00:00:00+00:00,10.38659954071045,10.227700233459473
2010-02-18 03:00:00+00:00,10.331299781799316,10.241700172424316
2010-02-18 06:00:00+00:00,10.55459976196289,10.662599563598633
2010-02-18 09:00:00+00:00,10.595399856567383,11.358099937438965
2010-02-18 12:00:00+00:00,11.031999588012695,11.879199981689453
2010-02-18 15:00:00+00:00,11.342100143432617,12.07289981842041
2010-02-18 18:00:00+00:00,11.271100044250488,11.957200050354004
2010-02-18 21:00:00+00:00,11.358699798583984,11.556099891662598
2010-02-19 00:00:00+00:00,11.463899612426758,11.367300033569336
2010-02-19 03:00:00+00:00,11.506099700927734,11.582799911499023
2010-02-19 06:00:00+00:00,11.418600082397461,11.743800163269043
2010-02-19 09:00:00+00:00,11.414600372314453,11.714200019836426
2010-02-19 12:00:00+00:00,11.538200378417969,11.748800277709961
2010-02-19 15:00:00+00:00,11.687800407409668,12.124500274658203
2010-02-19 18:00:00+00:00,12.096099853515625,12.555999755859375
2010-02-19 21:00:00+00:00,12.499899864196777,12.721400260925293
2010-02-20 00:00:00+00:00,12.606200218200684,12.621800422668457
2010-02-20 03:00:00+00:00,12.483599662780762,12.46619987487793
2010-02-20 06:00:00+00:00,12.271499633789062,12.243499755859375
2010-02-20 09:00:00+00:00,11.997699737548828,12.0
2010-02-20 12:00:00+00:00,11.508500099182129,11.754599571228027
2010-02-20 15:00:00+00:00,11.324299812316895,11.456899642944336
2010-02-20 18:00:00+00:00,11.064900398254395,11.11520004272461
2010-02-20 21:00:00+00:00,10.801400184631348,10.720999717712402
2010-02-21 00:00:00+00:00,10.559800148010254,10.392999649047852
2010-02-21 03:00:00+00:00,10.314299583435059,10.279600143432617
2010-02-21 06:00:00+00:00,9.729900360107422,10.392800331115723
2010-02-21 09:00:00+00:00,9.801899909973145,10.833200454711914
2010-02-21 12:00:00+00:00,10.377300262451172,11.58810043334961
2010-02-21 15:00:00+00:00,11.26200008392334,12.218500137329102
2010-02-21 18:00:00+00:00,11.933899879455566,12.605199813842773
2010-02-21 21:00:00+00:00,12.831600189208984,12.911999702453613
2010-02-22 00:00:00+00:00,13.031800270080566,13.064599990844727
2010-02-22 03:00:00+00:00,13.013400077819824,13.029899597167969
2010-02-22 06:00:00+00:00,12.860400199890137,12.849499702453613
2010-02-22 09:00:00+00:00,12.644800186157227,12.643699645996094
2010-02-22 12:00:00+00:00,12.410499572753906,12.466899871826172
2010-02-22 15:00:00+00:00,12.187100410461426,12.193499565124512
2010-02-22 18:00:00+00:00,11.523699760437012,11.670499801635742
2010-02-22 21:00:00+00:00,11.415399551391602,10.856200218200684
2010-02-23 00:00:00+00:00,11.10830020904541,9.897100448608398
2010-02-23 03:00:00+00:00,10.458800315856934,9.069700241088867
2010-02-23 06:00:00+00:00,9.92199993133545,8.701499938964844
2010-02-23 09:00:00+00:00,9.76449966430664,8.650799751281738
2010-02-23 12:00:00+00:00,9.506500244140625,8.3641996383667
2010-02-23 15:00:00+00:00,9.44729995727539,8.579700469970703
2010-02-23 18:00:00+00:00,9.496199607849121,8.852399826049805
2010-02-23 21:00:00+00:00,10.116100311279297,9.434700012207031
2010-02-24 00:00:00+00:00,10.725899696350098,9.401599884033203
2010-02-24 03:00:00+00:00,11.391200065612793,10.451000213623047
2010-02-24 06:00:00+00:00,11.606300354003906,11.49839973449707
2010-02-24 09:00:00+00:00,11.804699897766113,11.955599784851074
2010-02-24 12:00:00+00:00,11.36139965057373,12.221699714660645
2010-02-24 15:00:00+00:00,11.350000381469727,12.019200325012207
2010-02-24 18:00:00+00:00,11.04800033569336,11.617500305175781
2010-02-24 21:00:00+00:00,11.001500129699707,11.37600040435791
2010-02-25 00:00:00+00:00,10.675299644470215,11.081299781799316
2010-02-25 03:00:00+00:00,10.902000427246094,11.058799743652344
2010-02-25 06:00:00+00:00,10.778400421142578,10.89579963684082
2010-02-25 09:00:00+00:00,10.376299858093262,10.661600112915039
2010-02-25 12:00:00+00:00,10.076600074768066,10.50879955291748
2010-02-25 15:00:00+00:00,10.15310001373291,10.280099868774414
2010-02-25 18:00:00+00:00,10.24839973449707,9.740500450134277
2010-02-25 21:00:00+00:00,10.437800407409668,9.396300315856934
2010-02-26 00:00:00+00:00,10.481200218200684,8.373700141906738
2010-02-26 03:00:00+00:00,10.231900215148926,8.243000030517578
2010-02-26 06:00:00+00:00,9.26449966430664,8.567899703979492
2010-02-26 09:00:00+00:00,9.30620002746582,8.96399974822998
2010-02-26 12:00:00+00:00,9.213199615478516,9.418600082397461
2010-02-26 15:00:00+00:00,9.923600196838379,9.754599571228027
2010-02-26 18:00:00+00:00,10.093299865722656,9.873100280761719
2010-02-26 21:00:00+00:00,10.205400466918945,9.951899528503418
2010-02-27 00:00:00+00:00,10.31779956817627,9.141900062561035
2010-02-27 03:00:00+00:00,10.235300064086914,8.695199966430664
2010-02-27 06:00:00+00:00,8.603899955749512,8.837300300598145
2010-02-27 09:00:00+00:00,8.653800010681152,9.463500022888184
2010-02-27 12:00:00+00:00,9.126700401306152,10.306500434875488
2010-02-27 15:00:00+00:00,10.437399864196777,12.107999801635742
2010-02-27 18:00:00+00:00,12.282500267028809,13.619600296020508
2010-02-27 21:00:00+00:00,13.499300003051758,13.915300369262695
2010-02-28 00:00:00+00:00,13.607600212097168,13.578700065612793
2010-02-28 03:00:00+00:00,13.27929973602295,13.114700317382812
2010-02-28 06:00:00+00:00,12.873000144958496,12.728799819946289
2010-02-28 09:00:00+00:00,12.480199813842773,12.356800079345703
2010-02-28 12:00:00+00:00,12.076000213623047,11.941200256347656
2010-02-28 15:00:00+00:00,11.647299766540527,11.525799751281738
2010-02-28 18:00:00+00:00,11.234000205993652,11.166799545288086
2010-02-28 21:00:00+00:00,10.892800331115723,10.861599922180176
2010-03-01 00:00:00+00:00,10.58810043334961,10.538000106811523
2010-03-01 03:00:00+00:00,10.270700454711914,10.217499732971191
2010-03-01 06:00:00+00:00,10.011799812316895,10.027899742126465
2010-03-01 09:00:00+00:00,10.11050033569336,10.41349983215332
2010-03-01 12:00:00+00:00,11.10319995880127,10.879500389099121
2010-03-01 15:00:00+00:00,12.248900413513184,11.600899696350098
2010-03-01 18:00:00+00:00,12.671899795532227,12.0378999710083
2010-03-01 21:00:00+00:00,12.989299774169922,11.67389965057373
2010-03-02 00:00:00+00:00,13.178899765014648,11.583800315856934
2010-03-02 03:00:00+00:00,13.340399742126465,12.513099670410156
2010-03-02 06:00:00+00:00,13.777700424194336,13.147899627685547
2010-03-02 09:00:00+00:00,14.175000190734863,13.54010009765625
2010-03-02 12:00:00+00:00,14.232000350952148,13.226799964904785
2010-03-02 15:00:00+00:00,14.014699935913086,13.733400344848633
2010-03-02 18:00:00+00:00,13.617199897766113,13.703700065612793
2010-03-02 21:00:00+00:00,13.278200149536133,12.922699928283691
2010-03-03 00:00:00+00:00,12.679400444030762,11.2322998046875
2010-03-03 03:00:00+00:00,12.036299705505371,10.60770034790039
2010-03-03 06:00:00+00:00,11.505999565124512,9.727399826049805
2010-03-03 09:00:00+00:00,11.101799964904785,10.539999961853027
2010-03-03 12:00:00+00:00,11.014599800109863,11.043600082397461
2010-03-03 15:00:00+00:00,11.355299949645996,11.511799812316895
2010-03-03 18:00:00+00:00,11.721199989318848,11.898500442504883
2010-03-03 21:00:00+00:00,11.861200332641602,12.009099960327148
2010-03-04 00:00:00+00:00,11.740799903869629,11.8193998336792
2010-03-04 03:00:00+00:00,11.482600212097168,11.515800476074219
2010-03-04 06:00:00+00:00,11.222900390625,11.229599952697754
2010-03-04 09:00:00+00:00,11.017800331115723,11.000800132751465
2010-03-04 12:00:00+00:00,10.853300094604492,10.83329963684082
2010-03-04 15:00:00+00:00,10.712699890136719,10.704000473022461
2010-03-04 18:00:00+00:00,10.593999862670898,10.612000465393066
2010-03-04 21:00:00+00:00,10.57509994506836,10.667799949645996
2010-03-05 00:00:00+00:00,10.902000427246094,11.172900199890137
2010-03-05 03:00:00+00:00,11.728500366210938,11.85949993133545
2010-03-05 06:00:00+00:00,12.573399543762207,11.34689998626709
2010-03-05 09:00:00+00:00,13.3818998336792,11.759400367736816
2010-03-05 12:00:00+00:00,13.523699760437012,12.102999687194824
2010-03-05 15:00:00+00:00,13.49120044708252,12.46679973602295
2010-03-05 18:00:00+00:00,13.468799591064453,12.706199645996094
2010-03-05 21:00:00+00:00,13.12559986114502,12.74839973449707
2010-03-06 00:00:00+00:00,12.724100112915039,12.550399780273438
2010-03-06 03:00:00+00:00,12.44909954071045,12.348099708557129
2010-03-06 06:00:00+00:00,11.963899612426758,11.396100044250488
2010-03-06 09:00:00+00:00,11.763699531555176,11.413900375366211
2010-03-06 12:00:00+00:00,11.680500030517578,11.470100402832031
2010-03-06 15:00:00+00:00,11.643199920654297,11.542900085449219
2010-03-06 18:00:00+00:00,11.556400299072266,11.478300094604492
2010-03-06 21:00:00+00:00,11.399999618530273,10.956000328063965
2010-03-07 00:00:00+00:00,11.224900245666504,10.378899574279785
2010-03-07 03:00:00+00:00,11.052900314331055,9.85159969329834
2010-03-07 06:00:00+00:00,10.889399528503418,9.791899681091309
2010-03-07 09:00:00+00:00,11.533499717712402,10.880900382995605
2010-03-07 12:00:00+00:00,12.842900276184082,12.569000244140625
2010-03-07 15:00:00+00:00,14.093099594116211,13.929200172424316
2010-03-07 18:00:00+00:00,14.638799667358398,14.553500175476074
2010-03-07 21:00:00+00:00,14.680800437927246,14.620400428771973
2010-03-08 00:00:00+00:00,14.23799991607666,13.962900161743164
2010-03-08 03:00:00+00:00,12.950300216674805,12.627799987792969
2010-03-08 06:00:00+00:00,12.170100212097168,12.312800407409668
2010-03-08 09:00:00+00:00,11.690699577331543,12.340299606323242
2010-03-08 12:00:00+00:00,10.749500274658203,12.012200355529785
2010-03-08 15:00:00+00:00,10.192500114440918,10.79069995880127
2010-03-08 18:00:00+00:00,10.026399612426758,9.453399658203125
2010-03-08 21:00:00+00:00,9.961600303649902,9.725799560546875
2010-03-09 00:00:00+00:00,9.911499977111816,9.803899765014648
2010-03-09 03:00:00+00:00,10.095800399780273,10.211099624633789
2010-03-09 06:00:00+00:00,10.299799919128418,10.609199523925781
2010-03-09 09:00:00+00:00,10.639900207519531,10.92389965057373
2010-03-09 12:00:00+00:00,10.842399597167969,11.059200286865234
2010-03-09 15:00:00+00:00,10.978699684143066,11.134499549865723
2010-03-09 18:00:00+00:00,10.463500022888184,11.122599601745605
2010-03-09 21:00:00+00:00,8.34469985961914,7.809500217437744
2010-03-10 00:00:00+00:00,9.625100135803223,10.527700424194336
2010-03-10 03:00:00+00:00,12.157699584960938,12.06190013885498
2010-03-10 06:00:00+00:00,12.735899925231934,12.512200355529785
2010-03-10 09:00:00+00:00,12.939399719238281,12.550200462341309
2010-03-10 12:00:00+00:00,12.523200035095215,12.652299880981445
2010-03-10 15:00:00+00:00,12.489399909973145,12.906200408935547
2010-03-10 18:00:00+00:00,12.586000442504883,12.959799766540527
2010-03-10 21:00:00+00:00,12.587599754333496,12.882800102233887
2010-03-11 00:00:00+00:00,12.516799926757812,12.542499542236328
2010-03-11 03:00:00+00:00,11.722200393676758,11.321800231933594
2010-03-11 06:00:00+00:00,9.88010025024414,9.765399932861328
2010-03-11 09:00:00+00:00,9.195199966430664,8.961299896240234
2010-03-11 12:00:00+00:00,9.294699668884277,9.153900146484375
2010-03-11 15:00:00+00:00,9.866399765014648,9.791399955749512
2010-03-11 18:00:00+00:00,10.880499839782715,10.86050033569336
2010-03-11 21:00:00+00:00,12.742899894714355,12.727700233459473
2010-03-12 00:00:00+00:00,13.829400062561035,13.316699981689453
2010-03-12 03:00:00+00:00,13.97719955444336,13.324600219726562
2010-03-12 06:00:00+00:00,13.978500366210938,12.805700302124023
2010-03-12 09:00:00+00:00,13.74020004272461,11.531200408935547
2010-03-12 12:00:00+00:00,11.211799621582031,11.65839958190918
2010-03-12 15:00:00+00:00,11.921899795532227,11.946599960327148
2010-03-12 18:00:00+00:00,11.963299751281738,11.80720043182373
2010-03-12 21:00:00+00:00,11.8016996383667,11.7524995803833
2010-03-13 00:00:00+00:00,11.492600440979004,11.477499961853027
2010-03-13 03:00:00+00:00,11.281999588012695,11.293000221252441
2010-03-13 06:00:00+00:00,10.854499816894531,11.001899719238281
2010-03-13 09:00:00+00:00,10.924699783325195,11.366800308227539
2010-03-13 12:00:00+00:00,11.347800254821777,11.847399711608887
2010-03-13 15:00:00+00:00,11.76259994506836,12.148300170898438
2010-03-13 18:00:00+00:00,11.93280029296875,12.20359992980957
2010-03-13 21:00:00+00:00,11.878499984741211,12.077799797058105
2010-03-14 00:00:00+00:00,11.693499565124512,11.849900245666504
2010-03-14 03:00:00+00:00,11.395000457763672,11.532400131225586
2010-03-14 06:00:00+00:00,10.915599822998047,11.140000343322754
2010-03-14 09:00:00+00:00,10.500100135803223,10.799200057983398
2010-03-14 12:00:00+00:00,10.49940013885498,10.88010025024414
2010-03-14 15:00:00+00:00,10.956600189208984,11.253399848937988
2010-03-14 18:00:00+00:00,11.358599662780762,11.560400009155273
2010-03-14 21:00:00+00:00,11.587900161743164,11.670999526977539
2010-03-15 00:00:00+00:00,11.610899925231934,11.512999534606934
2010-03-15 03:00:00+00:00,11.571700096130371,11.502300262451172
2010-03-15 06:00:00+00:00,11.512999534606934,11.523599624633789
2010-03-15 09:00:00+00:00,11.489700317382812,11.607600212097168
2010-03-15 12:00:00+00:00,11.559100151062012,11.784700393676758
2010-03-15 15:00:00+00:00,11.822199821472168,12.202300071716309
2010-03-15 18:00:00+00:00,12.403900146484375,12.89739990234375
2010-03-15 21:00:00+00:00,13.134599685668945,13.608099937438965
2010-03-16 00:00:00+00:00,13.707799911499023,14.069100379943848
2010-03-16 03:00:00+00:00,13.980400085449219,13.928600311279297
2010-03-16 06:00:00+00:00,13.99489974975586,12.57349967956543
2010-03-16 09:00:00+00:00,13.723799705505371,11.93239974975586
2010-03-16 12:00:00+00:00,12.734100341796875,10.662599563598633
2010-03-16 15:00:00+00:00,11.57979965209961,10.803000450134277
2010-03-16 18:00:00+00:00,10.874600410461426,10.872900009155273
2010-03-16 21:00:00+00:00,10.614899635314941,11.045100212097168
2010-03-17 00:00:00+00:00,11.67240047454834,12.873000144958496
2010-03-17 03:00:00+00:00,12.915800094604492,13.359399795532227
2010-03-17 06:00:00+00:00,13.046199798583984,13.281200408935547
2010-03-17 09:00:00+00:00,12.984199523925781,13.062100410461426
2010-03-17 12:00:00+00:00,12.74899959564209,12.786399841308594
2010-03-17 15:00:00+00:00,12.447099685668945,12.527700424194336
2010-03-17 18:00:00+00:00,12.129799842834473,12.235699653625488
2010-03-17 21:00:00+00:00,11.81089973449707,11.581999778747559
2010-03-18 00:00:00+00:00,11.15999984741211,10.133999824523926
2010-03-18 03:00:00+00:00,10.015299797058105,8.825200080871582
2010-03-18 06:00:00+00:00,9.442500114440918,8.650099754333496
2010-03-18 09:00:00+00:00,9.374799728393555,8.501299858093262
2010-03-18 12:00:00+00:00,9.140700340270996,8.239100456237793
2010-03-18 15:00:00+00:00,9.061100006103516,8.21150016784668
2010-03-18 18:00:00+00:00,9.1427001953125,8.102999687194824
2010-03-18 21:00:00+00:00,9.023799896240234,7.852700233459473
2010-03-19 00:00:00+00:00,8.438300132751465,7.492499828338623
2010-03-19 03:00:00+00:00,8.018699645996094,7.447500228881836
2010-03-19 06:00:00+00:00,7.849100112915039,7.416900157928467
2010-03-19 09:00:00+00:00,8.154600143432617,7.646599769592285
2010-03-19 12:00:00+00:00,8.40939998626709,7.931099891662598
2010-03-19 15:00:00+00:00,8.74209976196289,8.169899940490723
2010-03-19 18:00:00+00:00,9.030699729919434,8.92240047454834
2010-03-19 21:00:00+00:00,9.999899864196777,9.708100318908691
2010-03-20 00:00:00+00:00,10.74940013885498,10.24940013885498
2010-03-20 03:00:00+00:00,11.153599739074707,10.805299758911133
2010-03-20 06:00:00+00:00,11.375800132751465,11.372200012207031
2010-03-20 09:00:00+00:00,10.63010025024414,10.87339973449707
2010-03-20 12:00:00+00:00,10.835800170898438,9.157699584960938
2010-03-20 15:00:00+00:00,10.44890022277832,8.937600135803223
2010-03-20 18:00:00+00:00,9.539799690246582,8.679100036621094
2010-03-20 21:00:00+00:00,8.48900032043457,8.172100067138672
2010-03-21 00:00:00+00:00,8.085700035095215,8.066800117492676
2010-03-21 03:00:00+00:00,8.301300048828125,8.032099723815918
2010-03-21 06:00:00+00:00,8.026100158691406,8.3233003616333
2010-03-21 09:00:00+00:00,8.496500015258789,9.402199745178223
2010-03-21 12:00:00+00:00,9.204400062561035,10.074999809265137
2010-03-21 15:00:00+00:00,9.708999633789062,10.128000259399414
2010-03-21 18:00:00+00:00,9.513999938964844,9.684900283813477
2010-03-21 21:00:00+00:00,9.411800384521484,9.803400039672852
2010-03-22 00:00:00+00:00,9.052000045776367,9.491000175476074
2010-03-22 03:00:00+00:00,8.70989990234375,9.457500457763672
2010-03-22 06:00:00+00:00,8.883600234985352,9.347999572753906
2010-03-22 09:00:00+00:00,9.333200454711914,9.74590015411377
2010-03-22 12:00:00+00:00,9.58650016784668,10.074000358581543
2010-03-22 15:00:00+00:00,9.862500190734863,10.452400207519531
2010-03-22 18:00:00+00:00,10.221599578857422,10.552599906921387
2010-03-22 21:00:00+00:00,10.700599670410156,10.93589973449707
2010-03-23 00:00:00+00:00,10.922200202941895,11.04740047454834
2010-03-23 03:00:00+00:00,10.949199676513672,11.118200302124023
2010-03-23 06:00:00+00:00,11.014699935913086,11.18220043182373
2010-03-23 09:00:00+00:00,11.252099990844727,11.339200019836426
2010-03-23 12:00:00+00:00,11.607099533081055,11.492400169372559
2010-03-23 15:00:00+00:00,11.939299583435059,11.433600425720215
2010-03-23 18:00:00+00:00,12.141200065612793,11.327199935913086
2010-03-23 21:00:00+00:00,12.308300018310547,11.23550033569336
2010-03-24 00:00:00+00:00,12.623700141906738,11.20680046081543
2010-03-24 03:00:00+00:00,12.875200271606445,11.944700241088867
2010-03-24 06:00:00+00:00,13.418499946594238,13.289199829101562
2010-03-24 09:00:00+00:00,14.042099952697754,14.269700050354004
2010-03-24 12:00:00+00:00,14.395099639892578,14.607500076293945
2010-03-24 15:00:00+00:00,14.410599708557129,14.539600372314453
2010-03-24 18:00:00+00:00,13.857199668884277,13.702799797058105
2010-03-24 21:00:00+00:00,13.530500411987305,11.66919994354248
2010-03-25 00:00:00+00:00,12.434599876403809,9.992899894714355
2010-03-25 03:00:00+00:00,10.725700378417969,9.380000114440918
2010-03-25 06:00:00+00:00,10.101499557495117,9.652400016784668
2010-03-25 09:00:00+00:00,10.146599769592285,9.434900283813477
2010-03-25 12:00:00+00:00,9.465299606323242,9.011699676513672
2010-03-25 15:00:00+00:00,9.14109992980957,9.097599983215332
2010-03-25 18:00:00+00:00,9.409199714660645,9.684700012207031
2010-03-25 21:00:00+00:00,9.68120002746582,10.299500465393066
2010-03-26 00:00:00+00:00,9.97189998626709,10.622099876403809
2010-03-26 03:00:00+00:00,10.303799629211426,10.820899963378906
2010-03-26 06:00:00+00:00,10.421799659729004,10.581199645996094
2010-03-26 09:00:00+00:00,10.14780044555664,9.787599563598633
2010-03-26 12:00:00+00:00,9.377300262451172,8.935700416564941
2010-03-26 15:00:00+00:00,9.2298002243042,9.006400108337402
2010-03-26 18:00:00+00:00,9.368200302124023,9.22819995880127
2010-03-26 21:00:00+00:00,9.397199630737305,9.313300132751465
2010-03-27 00:00:00+00:00,9.403499603271484,9.232500076293945
2010-03-27 03:00:00+00:00,9.39680004119873,9.188199996948242
2010-03-27 06:00:00+00:00,9.390800476074219,9.288000106811523
2010-03-27 09:00:00+00:00,9.421299934387207,9.38640022277832
2010-03-27 12:00:00+00:00,9.408599853515625,9.460000038146973
2010-03-27 15:00:00+00:00,9.386099815368652,9.39680004119873
2010-03-27 18:00:00+00:00,8.997900009155273,9.172900199890137
2010-03-27 21:00:00+00:00,10.14009952545166,9.621600151062012
2010-03-28 00:00:00+00:00,10.89579963684082,9.287500381469727
2010-03-28 03:00:00+00:00,10.47130012512207,9.513199806213379
2010-03-28 06:00:00+00:00,10.195699691772461,10.13230037689209
2010-03-28 09:00:00+00:00,11.144800186157227,11.314599990844727
2010-03-28 12:00:00+00:00,11.854100227355957,11.722700119018555
2010-03-28 15:00:00+00:00,12.21660041809082,11.928600311279297
2010-03-28 18:00:00+00:00,11.871199607849121,11.332300186157227
2010-03-28 21:00:00+00:00,11.225099563598633,10.98069953918457
2010-03-29 00:00:00+00:00,11.027600288391113,10.692099571228027
2010-03-29 03:00:00+00:00,9.993200302124023,9.657600402832031
2010-03-29 06:00:00+00:00,9.593899726867676,9.590100288391113
2010-03-29 09:00:00+00:00,10.166799545288086,10.068699836730957
2010-03-29 12:00:00+00:00,11.323200225830078,11.121700286865234
2010-03-29 15:00:00+00:00,11.278499603271484,11.184599876403809
2010-03-29 18:00:00+00:00,11.032600402832031,11.06029987335205
2010-03-29 21:00:00+00:00,11.079400062561035,11.148200035095215
2010-03-30 00:00:00+00:00,10.936100006103516,11.136300086975098
2010-03-30 03:00:00+00:00,11.461899757385254,11.6225004196167
2010-03-30 06:00:00+00:00,11.882599830627441,12.109700202941895
2010-03-30 09:00:00+00:00,12.625699996948242,12.917099952697754
2010-03-30 12:00:00+00:00,13.382699966430664,13.57390022277832
2010-03-30 15:00:00+00:00,14.07800006866455,13.968099594116211
2010-03-30 18:00:00+00:00,14.184499740600586,14.052499771118164
2010-03-30 21:00:00+00:00,14.16819953918457,14.109600067138672
2010-03-31 00:00:00+00:00,13.930999755859375,13.8858003616333
2010-03-31 03:00:00+00:00,13.877300262451172,14.012700080871582
2010-03-31 06:00:00+00:00,13.846699714660645,13.949799537658691
2010-03-31 09:00:00+00:00,13.907600402832031,14.014900207519531
2010-03-31 12:00:00+00:00,13.929400444030762,14.071000099182129
2010-03-31 15:00:00+00:00,13.920999526977539,14.078700065612793
2010-03-31 18:00:00+00:00,13.862899780273438,14.015800476074219
2010-03-31 21:00:00+00:00,13.772199630737305,13.90839958190918
2010-04-01 00:00:00+00:00,13.651700019836426,13.771400451660156
2010-04-01 03:00:00+00:00,13.501299858093262,13.616900444030762
2010-04-01 06:00:00+00:00,13.336400032043457,13.4621000289917
2010-04-01 09:00:00+00:00,13.166600227355957,13.293499946594238
2010-04-01 12:00:00+00:00,12.983200073242188,13.106800079345703
2010-04-01 15:00:00+00:00,12.791600227355957,12.92039966583252
2010-04-01 18:00:00+00:00,12.603300094604492,12.730999946594238
2010-04-01 21:00:00+00:00,12.388500213623047,12.497900009155273
2010-04-02 00:00:00+00:00,11.586299896240234,11.780200004577637
2010-04-02 03:00:00+00:00,10.252699851989746,10.416399955749512
2010-04-02 06:00:00+00:00,8.986900329589844,8.488200187683105
2010-04-02 09:00:00+00:00,8.866100311279297,8.380800247192383
2010-04-02 12:00:00+00:00,8.638899803161621,8.946800231933594
2010-04-02 15:00:00+00:00,9.323800086975098,9.38070011138916
2010-04-02 18:00:00+00:00,9.569199562072754,9.887399673461914
2010-04-02 21:00:00+00:00,10.4375,11.111100196838379
2010-04-03 00:00:00+00:00,11.652799606323242,12.075699806213379
2010-04-03 03:00:00+00:00,12.54800033569336,12.82390022277832
2010-04-03 06:00:00+00:00,13.024999618530273,13.357999801635742
2010-04-03 09:00:00+00:00,13.484999656677246,13.806900024414062
2010-04-03 12:00:00+00:00,13.759599685668945,14.0556001663208
2010-04-03 15:00:00+00:00,13.787500381469727,14.064800262451172
2010-04-03 18:00:00+00:00,13.534199714660645,13.423999786376953
2010-04-03 21:00:00+00:00,12.84630012512207,12.878800392150879
2010-04-04 00:00:00+00:00,12.224900245666504,12.6181001663208
2010-04-04 03:00:00+00:00,12.066300392150879,12.203200340270996
2010-04-04 06:00:00+00:00,11.561100006103516,10.937299728393555
2010-04-04 09:00:00+00:00,11.0733003616333,9.827099800109863
2010-04-04 12:00:00+00:00,10.31980037689209,9.768099784851074
2010-04-04 15:00:00+00:00,10.331299781799316,9.773500442504883
2010-04-04 18:00:00+00:00,10.069199562072754,10.723799705505371
2010-04-04 21:00:00+00:00,10.857999801635742,11.333000183105469
2010-04-05 00:00:00+00:00,10.633099555969238,10.779999732971191
2010-04-05 03:00:00+00:00,10.424300193786621,10.841899871826172
2010-04-05 06:00:00+00:00,10.839799880981445,11.625900268554688
2010-04-05 09:00:00+00:00,11.208100318908691,12.104999542236328
2010-04-05 12:00:00+00:00,11.821200370788574,12.268199920654297
2010-04-05 15:00:00+00:00,11.68340015411377,11.399499893188477
2010-04-05 18:00:00+00:00,9.681099891662598,10.079299926757812
2010-04-05 21:00:00+00:00,9.954700469970703,10.248200416564941
2010-04-06 00:00:00+00:00,10.484700202941895,10.729999542236328
2010-04-06 03:00:00+00:00,10.149299621582031,10.977499961853027
2010-04-06 06:00:00+00:00,10.17140007019043,11.023599624633789
2010-04-06 09:00:00+00:00,10.339799880981445,10.956199645996094
2010-04-06 12:00:00+00:00,9.958700180053711,10.590299606323242
2010-04-06 15:00:00+00:00,9.883399963378906,10.3572998046875
2010-04-06 18:00:00+00:00,9.868800163269043,10.32919979095459
2010-04-06 21:00:00+00:00,10.109600067138672,10.580400466918945
2010-04-07 00:00:00+00:00,10.347599983215332,10.796600341796875
2010-04-07 03:00:00+00:00,10.587800025939941,11.008099555969238
2010-04-07 06:00:00+00:00,10.861000061035156,11.229900360107422
2010-04-07 09:00:00+00:00,11.1048002243042,11.40820026397705
2010-04-07 12:00:00+00:00,11.20419979095459,11.458600044250488
2010-04-07 15:00:00+00:00,11.135199546813965,11.3927001953125
2010-04-07 18:00:00+00:00,10.952300071716309,11.281800270080566
2010-04-07 21:00:00+00:00,10.83329963684082,11.199799537658691
2010-04-08 00:00:00+00:00,10.80720043182373,11.179400444030762
2010-04-08 03:00:00+00:00,10.282099723815918,10.427000045776367
2010-04-08 06:00:00+00:00,8.929699897766113,9.1628999710083
2010-04-08 09:00:00+00:00,8.885600090026855,8.89579963684082
2010-04-08 12:00:00+00:00,9.406200408935547,9.597900390625
2010-04-08 15:00:00+00:00,9.714699745178223,10.048500061035156
2010-04-08 18:00:00+00:00,9.943300247192383,10.157400131225586
2010-04-08 21:00:00+00:00,10.028200149536133,10.103599548339844
2010-04-09 00:00:00+00:00,10.043399810791016,10.081299781799316
2010-04-09 03:00:00+00:00,10.099699974060059,10.264100074768066
2010-04-09 06:00:00+00:00,10.138999938964844,10.371600151062012
2010-04-09 09:00:00+00:00,10.152000427246094,10.478599548339844
2010-04-09 12:00:00+00:00,10.271400451660156,10.604700088500977
2010-04-09 15:00:00+00:00,10.563799858093262,10.874199867248535
2010-04-09 18:00:00+00:00,10.97189998626709,11.269700050354004
2010-04-09 21:00:00+00:00,11.334799766540527,11.603300094604492
2010-04-10 00:00:00+00:00,11.479900360107422,11.38070011138916
2010-04-10 03:00:00+00:00,11.42490005493164,10.472800254821777
2010-04-10 06:00:00+00:00,11.081100463867188,9.775199890136719
2010-04-10 09:00:00+00:00,10.700699806213379,9.494199752807617
2010-04-10 12:00:00+00:00,10.236499786376953,9.47719955444336
2010-04-10 15:00:00+00:00,10.027099609375,9.416299819946289
2010-04-10 18:00:00+00:00,10.059300422668457,9.973600387573242
2010-04-10 21:00:00+00:00,10.346799850463867,10.42080020904541
2010-04-11 00:00:00+00:00,10.872200012207031,11.013199806213379
2010-04-11 03:00:00+00:00,11.62600040435791,10.308600425720215
2010-04-11 06:00:00+00:00,12.033499717712402,8.765899658203125
2010-04-11 09:00:00+00:00,11.313699722290039,9.617300033569336
2010-04-11 12:00:00+00:00,10.955599784851074,10.795299530029297
2010-04-11 15:00:00+00:00,11.471500396728516,11.777400016784668
2010-04-11 18:00:00+00:00,11.781999588012695,11.696000099182129
2010-04-11 21:00:00+00:00,11.994500160217285,11.568300247192383
2010-04-12 00:00:00+00:00,12.173800468444824,11.626500129699707
2010-04-12 03:00:00+00:00,12.17590045928955,11.357099533081055
2010-04-12 06:00:00+00:00,11.583399772644043,11.168800354003906
2010-04-12 09:00:00+00:00,10.788900375366211,11.007399559020996
2010-04-12 12:00:00+00:00,10.46150016784668,10.794699668884277
2010-04-12 15:00:00+00:00,10.378600120544434,10.604700088500977
2010-04-12 18:00:00+00:00,10.423600196838379,10.42140007019043
2010-04-12 21:00:00+00:00,10.192999839782715,9.935999870300293
2010-04-13 00:00:00+00:00,9.903300285339355,9.600899696350098
2010-04-13 03:00:00+00:00,9.650799751281738,9.482799530029297
2010-04-13 06:00:00+00:00,9.45259952545166,9.455599784851074
2010-04-13 09:00:00+00:00,9.510600090026855,9.444299697875977
2010-04-13 12:00:00+00:00,9.628100395202637,9.34589958190918
2010-04-13 15:00:00+00:00,9.411800384521484,9.525300025939941
2010-04-13 18:00:00+00:00,9.478699684143066,10.030500411987305
2010-04-13 21:00:00+00:00,9.784199714660645,10.394399642944336
2010-04-14 00:00:00+00:00,9.82349967956543,10.498000144958496
2010-04-14 03:00:00+00:00,9.870100021362305,10.679800033569336
2010-04-14 06:00:00+00:00,10.216899871826172,10.961700439453125
2010-04-14 09:00:00+00:00,10.40060043334961,11.134400367736816
2010-04-14 12:00:00+00:00,10.443699836730957,11.215200424194336
2010-04-14 15:00:00+00:00,10.453800201416016,11.259099960327148
2010-04-14 18:00:00+00:00,10.439200401306152,11.27649974822998
2010-04-14 21:00:00+00:00,10.382599830627441,11.298100471496582
2010-04-15 00:00:00+00:00,10.183300018310547,11.34570026397705
2010-04-15 03:00:00+00:00,10.038900375366211,11.469400405883789
2010-04-15 06:00:00+00:00,10.038800239562988,11.678000450134277
2010-04-15 09:00:00+00:00,10.104000091552734,11.847100257873535
2010-04-15 12:00:00+00:00,10.181300163269043,11.896400451660156
2010-04-15 15:00:00+00:00,10.249199867248535,11.836600303649902
2010-04-15 18:00:00+00:00,10.36359977722168,11.809000015258789
2010-04-15 21:00:00+00:00,10.597999572753906,11.965499877929688
2010-04-16 00:00:00+00:00,10.871800422668457,11.750699996948242
2010-04-16 03:00:00+00:00,10.496700286865234,11.389699935913086
2010-04-16 06:00:00+00:00,10.273699760437012,11.28439998626709
2010-04-16 09:00:00+00:00,10.2878999710083,11.38129997253418
2010-04-16 12:00:00+00:00,10.725299835205078,11.779800415039062
2010-04-16 15:00:00+00:00,11.04580020904541,11.97760009765625
2010-04-16 18:00:00+00:00,11.257599830627441,12.031999588012695
2010-04-16 21:00:00+00:00,11.031999588012695,11.601099967956543
2010-04-17 00:00:00+00:00,10.989399909973145,11.590200424194336
2010-04-17 03:00:00+00:00,11.128600120544434,11.652299880981445
2010-04-17 06:00:00+00:00,11.22029972076416,10.678899765014648
2010-04-17 09:00:00+00:00,11.235799789428711,8.834699630737305
2010-04-17 12:00:00+00:00,10.10890007019043,8.415599822998047
2010-04-17 15:00:00+00:00,8.537799835205078,8.654199600219727
2010-04-17 18:00:00+00:00,8.51259994506836,8.78849983215332
2010-04-17 21:00:00+00:00,8.394599914550781,8.957500457763672
2010-04-18 00:00:00+00:00,8.393600463867188,8.964599609375
2010-04-18 03:00:00+00:00,8.847700119018555,9.559499740600586
2010-04-18 06:00:00+00:00,9.312299728393555,10.025899887084961
2010-04-18 09:00:00+00:00,9.584600448608398,10.32289981842041
2010-04-18 12:00:00+00:00,9.732399940490723,10.55780029296875
2010-04-18 15:00:00+00:00,9.836600303649902,10.713899612426758
2010-04-18 18:00:00+00:00,9.973699569702148,10.88290023803711
2010-04-18 21:00:00+00:00,10.128000259399414,11.16759967803955
2010-04-19 00:00:00+00:00,10.251299858093262,11.34589958190918
2010-04-19 03:00:00+00:00,10.353799819946289,11.480500221252441
2010-04-19 06:00:00+00:00,10.505000114440918,11.57960033416748
2010-04-19 09:00:00+00:00,10.727499961853027,11.3548002243042
2010-04-19 12:00:00+00:00,10.55210018157959,10.594900131225586
2010-04-19 15:00:00+00:00,10.180299758911133,9.33810043334961
2010-04-19 18:00:00+00:00,9.99489974975586,8.540399551391602
2010-04-19 21:00:00+00:00,9.905500411987305,8.423600196838379
2010-04-20 00:00:00+00:00,9.637499809265137,9.491399765014648
2010-04-20 03:00:00+00:00,10.23490047454834,10.524499893188477
2010-04-20 06:00:00+00:00,10.782899856567383,11.168100357055664
2010-04-20 09:00:00+00:00,11.220100402832031,11.634699821472168
2010-04-20 12:00:00+00:00,11.451600074768066,12.022199630737305
2010-04-20 15:00:00+00:00,11.746299743652344,12.439499855041504
2010-04-20 18:00:00+00:00,11.440099716186523,12.110899925231934
2010-04-20 21:00:00+00:00,10.97819995880127,10.98639965057373
2010-04-21 00:00:00+00:00,10.296099662780762,10.693599700927734
2010-04-21 03:00:00+00:00,10.585599899291992,10.87559986114502
2010-04-21 06:00:00+00:00,10.527199745178223,10.661299705505371
2010-04-21 09:00:00+00:00,10.669899940490723,10.797900199890137
2010-04-21 12:00:00+00:00,10.506699562072754,10.666299819946289
2010-04-21 15:00:00+00:00,10.479000091552734,10.517399787902832
2010-04-21 18:00:00+00:00,10.143500328063965,10.166099548339844
2010-04-21 21:00:00+00:00,9.888299942016602,9.797699928283691
2010-04-22 00:00:00+00:00,9.568599700927734,9.469300270080566
2010-04-22 03:00:00+00:00,9.537300109863281,9.401800155639648
2010-04-22 06:00:00+00:00,9.418000221252441,9.205400466918945
2010-04-22 09:00:00+00:00,9.413000106811523,9.23550033569336
2010-04-22 12:00:00+00:00,8.987600326538086,8.984800338745117
2010-04-22 15:00:00+00:00,8.97599983215332,8.82960033416748
2010-04-22 18:00:00+00:00,8.687800407409668,8.611900329589844
2010-04-22 21:00:00+00:00,8.714799880981445,8.456199645996094
2010-04-23 00:00:00+00:00,8.614999771118164,8.590399742126465
2010-04-23 03:00:00+00:00,9.040200233459473,8.925000190734863
2010-04-23 06:00:00+00:00,9.809399604797363,9.684399604797363
2010-04-23 09:00:00+00:00,10.96720027923584,10.97659969329834
2010-04-23 12:00:00+00:00,11.999199867248535,12.123800277709961
2010-04-23 15:00:00+00:00,12.451199531555176,12.631099700927734
2010-04-23 18:00:00+00:00,12.599100112915039,12.861800193786621
2010-04-23 21:00:00+00:00,12.583000183105469,12.86970043182373
2010-04-24 00:00:00+00:00,12.382699966430664,12.762100219726562
2010-04-24 03:00:00+00:00,11.716500282287598,12.293299674987793
2010-04-24 06:00:00+00:00,10.291299819946289,10.552300453186035
2010-04-24 09:00:00+00:00,9.980999946594238,10.244799613952637
2010-04-24 12:00:00+00:00,9.98740005493164,10.454000473022461
2010-04-24 15:00:00+00:00,10.371100425720215,11.337499618530273
2010-04-24 18:00:00+00:00,11.544300079345703,12.312299728393555
2010-04-24 21:00:00+00:00,12.244199752807617,12.613800048828125
2010-04-25 00:00:00+00:00,12.314800262451172,12.527000427246094
2010-04-25 03:00:00+00:00,12.152899742126465,12.329899787902832
2010-04-25 06:00:00+00:00,11.92870044708252,12.11050033569336
2010-04-25 09:00:00+00:00,11.688300132751465,11.858699798583984
2010-04-25 12:00:00+00:00,11.422100067138672,11.56760025024414
2010-04-25 15:00:00+00:00,11.13759994506836,11.252799987792969
2010-04-25 18:00:00+00:00,10.842100143432617,10.933199882507324
2010-04-25 21:00:00+00:00,10.566399574279785,10.65149974822998
2010-04-26 00:00:00+00:00,10.31659984588623,10.41819953918457
2010-04-26 03:00:00+00:00,10.082799911499023,10.217399597167969
2010-04-26 06:00:00+00:00,9.890700340270996,10.077199935913086
2010-04-26 09:00:00+00:00,9.885000228881836,10.12720012664795
2010-04-26 12:00:00+00:00,9.842900276184082,8.510000228881836
2010-04-26 15:00:00+00:00,9.799699783325195,8.007499694824219
2010-04-26 18:00:00+00:00,9.584799766540527,8.39490032196045
2010-04-26 21:00:00+00:00,9.434800148010254,9.019100189208984
2010-04-27 00:00:00+00:00,9.791500091552734,9.649399757385254
2010-04-27 03:00:00+00:00,10.452699661254883,10.071599960327148
2010-04-27 06:00:00+00:00,10.528300285339355,10.063300132751465
2010-04-27 09:00:00+00:00,9.833200454711914,9.80739974975586
2010-04-27 12:00:00+00:00,9.783499717712402,9.766799926757812
2010-04-27 15:00:00+00:00,9.836999893188477,9.612299919128418
2010-04-27 18:00:00+00:00,9.905500411987305,9.683199882507324
2010-04-27 21:00:00+00:00,9.902600288391113,9.73550033569336
2010-04-28 00:00:00+00:00,9.54170036315918,9.600099563598633
2010-04-28 03:00:00+00:00,9.559800148010254,9.856900215148926
2010-04-28 06:00:00+00:00,9.957300186157227,10.119000434875488
2010-04-28 09:00:00+00:00,10.291199684143066,10.091500282287598
2010-04-28 12:00:00+00:00,10.196800231933594,9.969900131225586
2010-04-28 15:00:00+00:00,10.467599868774414,10.55270004272461
2010-04-28 18:00:00+00:00,10.757599830627441,10.850700378417969
2010-04-28 21:00:00+00:00,11.036199569702148,11.014599800109863
2010-04-29 00:00:00+00:00,11.163100242614746,11.138500213623047
2010-04-29 03:00:00+00:00,11.299699783325195,11.408900260925293
2010-04-29 06:00:00+00:00,11.422900199890137,11.48639965057373
2010-04-29 09:00:00+00:00,11.437000274658203,11.342900276184082
2010-04-29 12:00:00+00:00,11.008199691772461,10.776100158691406
2010-04-29 15:00:00+00:00,10.098400115966797,10.562199592590332
2010-04-29 18:00:00+00:00,10.19379997253418,10.546299934387207
2010-04-29 21:00:00+00:00,10.477399826049805,10.59570026397705
2010-04-30 00:00:00+00:00,10.25529956817627,10.209600448608398
2010-04-30 03:00:00+00:00,9.68649959564209,9.997200012207031
2010-04-30 06:00:00+00:00,9.721599578857422,9.908300399780273
2010-04-30 09:00:00+00:00,9.987299919128418,9.996199607849121
2010-04-30 12:00:00+00:00,10.119500160217285,10.03320026397705
2010-04-30 15:00:00+00:00,10.311200141906738,10.303899765014648
2010-04-30 18:00:00+00:00,10.439200401306152,10.492500305175781
2010-04-30 21:00:00+00:00,10.541199684143066,10.610600471496582
2010-05-01 00:00:00+00:00,10.558199882507324,10.640299797058105
2010-05-01 03:00:00+00:00,10.509099960327148,10.614299774169922
2010-05-01 06:00:00+00:00,10.43850040435791,10.560199737548828
2010-05-01 09:00:00+00:00,9.623299598693848,9.93809986114502
2010-05-01 12:00:00+00:00,8.777799606323242,9.427300453186035
2010-05-01 15:00:00+00:00,9.20009994506836,8.88949966430664
2010-05-01 18:00:00+00:00,8.60990047454834,8.491800308227539
2010-05-01 21:00:00+00:00,8.403300285339355,8.515999794006348
2010-05-02 00:00:00+00:00,8.503600120544434,8.481300354003906
2010-05-02 03:00:00+00:00,8.598600387573242,8.644800186157227
2010-05-02 06:00:00+00:00,8.722399711608887,8.67240047454834
2010-05-02 09:00:00+00:00,9.083900451660156,8.97719955444336
2010-05-02 12:00:00+00:00,9.37969970703125,9.276200294494629
2010-05-02 15:00:00+00:00,9.581500053405762,9.541500091552734
2010-05-02 18:00:00+00:00,9.715100288391113,9.708399772644043
2010-05-02 21:00:00+00:00,9.786499977111816,9.787599563598633
2010-05-03 00:00:00+00:00,9.652199745178223,9.794099807739258
2010-05-03 03:00:00+00:00,9.00059986114502,9.706399917602539
2010-05-03 06:00:00+00:00,7.740699768066406,8.469200134277344
2010-05-03 09:00:00+00:00,7.212399959564209,7.519400119781494
2010-05-03 12:00:00+00:00,7.543300151824951,7.359499931335449
2010-05-03 15:00:00+00:00,8.263999938964844,8.146699905395508
2010-05-03 18:00:00+00:00,8.44320011138916,8.287599563598633
2010-05-03 21:00:00+00:00,8.503199577331543,8.452699661254883
2010-05-04 00:00:00+00:00,8.435600280761719,8.438400268554688
2010-05-04 03:00:00+00:00,8.663700103759766,8.563199996948242
2010-05-04 06:00:00+00:00,9.076199531555176,8.761099815368652
2010-05-04 09:00:00+00:00,9.3100004196167,9.152999877929688
2010-05-04 12:00:00+00:00,9.308500289916992,9.344900131225586
2010-05-04 15:00:00+00:00,9.281399726867676,9.391599655151367
2010-05-04 18:00:00+00:00,9.265999794006348,9.40149974822998
2010-05-04 21:00:00+00:00,9.291000366210938,9.454099655151367
2010-05-05 00:00:00+00:00,9.320500373840332,9.44219970703125
2010-05-05 03:00:00+00:00,9.39680004119873,9.450900077819824
2010-05-05 06:00:00+00:00,9.439200401306152,8.93649959564209
2010-05-05 09:00:00+00:00,9.388500213623047,8.464200019836426
2010-05-05 12:00:00+00:00,9.062999725341797,8.134099960327148
2010-05-05 15:00:00+00:00,8.763899803161621,8.123800277709961
2010-05-05 18:00:00+00:00,8.481599807739258,8.001999855041504
2010-05-05 21:00:00+00:00,8.432499885559082,8.282600402832031
2010-05-06 00:00:00+00:00,8.213600158691406,8.270000457763672
2010-05-06 03:00:00+00:00,8.277999877929688,8.455400466918945
2010-05-06 06:00:00+00:00,8.277999877929688,8.53909969329834
2010-05-06 09:00:00+00:00,8.473199844360352,9.07610034942627
2010-05-06 12:00:00+00:00,8.659000396728516,9.521900177001953
2010-05-06 15:00:00+00:00,8.898200035095215,9.917200088500977
2010-05-06 18:00:00+00:00,9.121999740600586,10.121500015258789
2010-05-06 21:00:00+00:00,9.291600227355957,10.078300476074219
2010-05-07 00:00:00+00:00,8.527299880981445,8.55270004272461
2010-05-07 03:00:00+00:00,7.863800048828125,7.703400135040283
2010-05-07 06:00:00+00:00,7.732500076293945,7.825799942016602
2010-05-07 09:00:00+00:00,8.171799659729004,8.091400146484375
2010-05-07 12:00:00+00:00,8.574899673461914,8.94789981842041
2010-05-07 15:00:00+00:00,8.908300399780273,9.718700408935547
2010-05-07 18:00:00+00:00,9.177599906921387,10.089900016784668
2010-05-07 21:00:00+00:00,9.31350040435791,10.185999870300293
2010-05-08 00:00:00+00:00,8.34160041809082,9.221199989318848
2010-05-08 03:00:00+00:00,8.159000396728516,9.31779956817627
2010-05-08 06:00:00+00:00,8.333100318908691,9.614399909973145
2010-05-08 09:00:00+00:00,8.413900375366211,9.749099731445312
2010-05-08 12:00:00+00:00,8.410699844360352,9.721099853515625
2010-05-08 15:00:00+00:00,8.418100357055664,9.648699760437012
2010-05-08 18:00:00+00:00,8.43690013885498,9.556300163269043
2010-05-08 21:00:00+00:00,8.373200416564941,9.48840045928955
2010-05-09 00:00:00+00:00,8.064800262451172,9.405699729919434
2010-05-09 03:00:00+00:00,8.220600128173828,9.39799976348877
2010-05-09 06:00:00+00:00,8.391200065612793,9.445699691772461
2010-05-09 09:00:00+00:00,8.462400436401367,9.510199546813965
2010-05-09 12:00:00+00:00,8.444199562072754,9.59179973602295
2010-05-09 15:00:00+00:00,8.357399940490723,9.639800071716309
2010-05-09 18:00:00+00:00,8.215100288391113,9.302399635314941
2010-05-09 21:00:00+00:00,7.929500102996826,8.822500228881836
2010-05-10 00:00:00+00:00,7.574399948120117,8.731100082397461
2010-05-10 03:00:00+00:00,7.504799842834473,8.754400253295898
2010-05-10 06:00:00+00:00,7.585899829864502,8.163599967956543
2010-05-10 09:00:00+00:00,7.588399887084961,6.934299945831299
2010-05-10 12:00:00+00:00,7.242400169372559,6.578400135040283
2010-05-10 15:00:00+00:00,7.3678998947143555,7.269800186157227
2010-05-10 18:00:00+00:00,7.403600215911865,7.831099987030029
2010-05-10 21:00:00+00:00,7.4019999504089355,8.567000389099121
2010-05-11 00:00:00+00:00,6.924300193786621,8.890899658203125
2010-05-11 03:00:00+00:00,7.49399995803833,8.74489974975586
2010-05-11 06:00:00+00:00,8.284700393676758,9.012900352478027
2010-05-11 09:00:00+00:00,8.891400337219238,9.101699829101562
2010-05-11 12:00:00+00:00,8.886899948120117,8.739399909973145
2010-05-11 15:00:00+00:00,8.654800415039062,8.317000389099121
2010-05-11 18:00:00+00:00,8.391200065612793,8.144700050354004
2010-05-11 21:00:00+00:00,8.278300285339355,8.235199928283691
2010-05-12 00:00:00+00:00,8.169899940490723,8.110899925231934
2010-05-12 03:00:00+00:00,8.064599990844727,8.06149959564209
2010-05-12 06:00:00+00:00,8.027199745178223,7.979100227355957
2010-05-12 09:00:00+00:00,8.077699661254883,7.962699890136719
2010-05-12 12:00:00+00:00,8.0625,7.718900203704834
2010-05-12 15:00:00+00:00,8.04069995880127,7.761099815368652
2010-05-12 18:00:00+00:00,8.01990032196045,7.632599830627441
2010-05-12 21:00:00+00:00,7.860099792480469,6.751500129699707
2010-05-13 00:00:00+00:00,7.118500232696533,6.65500020980835
2010-05-13 03:00:00+00:00,7.308300018310547,7.15910005569458
2010-05-13 06:00:00+00:00,8.292400360107422,7.83459997177124
2010-05-13 09:00:00+00:00,9.289899826049805,8.384599685668945
2010-05-13 12:00:00+00:00,9.66819953918457,8.704999923706055
2010-05-13 15:00:00+00:00,9.733799934387207,8.717700004577637
2010-05-13 18:00:00+00:00,9.701399803161621,8.628399848937988
2010-05-13 21:00:00+00:00,9.324799537658691,8.307700157165527
2010-05-14 00:00:00+00:00,8.310199737548828,7.756199836730957
2010-05-14 03:00:00+00:00,7.993599891662598,7.594799995422363
2010-05-14 06:00:00+00:00,7.855999946594238,7.595600128173828
2010-05-14 09:00:00+00:00,8.119999885559082,7.875999927520752
2010-05-14 12:00:00+00:00,8.27750015258789,8.114999771118164
2010-05-14 15:00:00+00:00,8.475099563598633,8.447699546813965
2010-05-14 18:00:00+00:00,8.575200080871582,8.375100135803223
2010-05-14 21:00:00+00:00,8.653200149536133,8.225600242614746
2010-05-15 00:00:00+00:00,8.087699890136719,7.886199951171875
2010-05-15 03:00:00+00:00,7.825200080871582,7.80810022354126
2010-05-15 06:00:00+00:00,8.132599830627441,8.142900466918945
2010-05-15 09:00:00+00:00,8.719499588012695,9.021499633789062
2010-05-15 12:00:00+00:00,9.196999549865723,9.784700393676758
2010-05-15 15:00:00+00:00,9.526599884033203,10.235400199890137
2010-05-15 18:00:00+00:00,9.668100357055664,10.497099876403809
2010-05-15 21:00:00+00:00,9.682700157165527,10.691300392150879
2010-05-16 00:00:00+00:00,9.618599891662598,10.822199821472168
2010-05-16 03:00:00+00:00,9.458200454711914,10.788000106811523
2010-05-16 06:00:00+00:00,9.56309986114502,11.038299560546875
2010-05-16 09:00:00+00:00,9.70419979095459,11.118900299072266
2010-05-16 12:00:00+00:00,9.619999885559082,10.922300338745117
2010-05-16 15:00:00+00:00,9.534199714660645,11.005000114440918
2010-05-16 18:00:00+00:00,9.442099571228027,11.030900001525879
2010-05-16 21:00:00+00:00,9.375200271606445,11.079500198364258
2010-05-17 00:00:00+00:00,9.208700180053711,11.159799575805664
2010-05-17 03:00:00+00:00,9.351799964904785,11.175999641418457
2010-05-17 06:00:00+00:00,9.456899642944336,11.023799896240234
2010-05-17 09:00:00+00:00,9.500300407409668,10.763099670410156
2010-05-17 12:00:00+00:00,9.472200393676758,10.405400276184082
2010-05-17 15:00:00+00:00,9.397000312805176,9.774700164794922
2010-05-17 18:00:00+00:00,9.321999549865723,9.117500305175781
2010-05-17 21:00:00+00:00,9.263500213623047,8.111800193786621
2010-05-18 00:00:00+00:00,9.049400329589844,7.446599960327148
2010-05-18 03:00:00+00:00,8.079899787902832,7.257400035858154
2010-05-18 06:00:00+00:00,7.480100154876709,7.184700012207031
2010-05-18 09:00:00+00:00,7.350100040435791,7.168900012969971
2010-05-18 12:00:00+00:00,6.931399822235107,7.087800025939941
2010-05-18 15:00:00+00:00,6.848800182342529,7.410600185394287
2010-05-18 18:00:00+00:00,7.058599948883057,7.811200141906738
2010-05-18 21:00:00+00:00,7.43720006942749,7.460700035095215
2010-05-19 00:00:00+00:00,7.243100166320801,7.096799850463867
2010-05-19 03:00:00+00:00,7.314700126647949,7.133900165557861
2010-05-19 06:00:00+00:00,7.423099994659424,7.478000164031982
2010-05-19 09:00:00+00:00,7.910200119018555,7.615200042724609
2010-05-19 12:00:00+00:00,8.222999572753906,7.684100151062012
2010-05-19 15:00:00+00:00,8.694700241088867,7.57420015335083
2010-05-19 18:00:00+00:00,7.322800159454346,8.894700050354004
2010-05-19 21:00:00+00:00,8.940099716186523,9.246999740600586
2010-05-20 00:00:00+00:00,9.984399795532227,10.038700103759766
2010-05-20 03:00:00+00:00,10.340100288391113,10.53849983215332
2010-05-20 06:00:00+00:00,10.652700424194336,10.687700271606445
2010-05-20 09:00:00+00:00,10.88640022277832,10.624099731445312
2010-05-20 12:00:00+00:00,10.601400375366211,10.400199890136719
2010-05-20 15:00:00+00:00,10.5447998046875,10.64229965209961
2010-05-20 18:00:00+00:00,10.416199684143066,10.63539981842041
2010-05-20 21:00:00+00:00,10.342000007629395,10.518799781799316
2010-05-21 00:00:00+00:00,9.8193998336792,10.109299659729004
2010-05-21 03:00:00+00:00,9.502900123596191,9.679300308227539
2010-05-21 06:00:00+00:00,9.198100090026855,9.278800010681152
2010-05-21 09:00:00+00:00,9.197799682617188,9.286499977111816
2010-05-21 12:00:00+00:00,9.272600173950195,9.033900260925293
2010-05-21 15:00:00+00:00,9.466300010681152,8.848799705505371
2010-05-21 18:00:00+00:00,9.597900390625,8.54170036315918
2010-05-21 21:00:00+00:00,9.618200302124023,8.703399658203125
2010-05-22 00:00:00+00:00,9.358699798583984,8.892600059509277
2010-05-22 03:00:00+00:00,9.487000465393066,9.038999557495117
2010-05-22 06:00:00+00:00,9.488699913024902,9.000900268554688
2010-05-22 09:00:00+00:00,9.591500282287598,9.53909969329834
2010-05-22 12:00:00+00:00,9.726699829101562,9.78439998626709
2010-05-22 15:00:00+00:00,9.813400268554688,9.91469955444336
2010-05-22 18:00:00+00:00,9.802000045776367,10.01669979095459
2010-05-22 21:00:00+00:00,9.781999588012695,10.115799903869629
2010-05-23 00:00:00+00:00,9.71660041809082,10.237899780273438
2010-05-23 03:00:00+00:00,9.381799697875977,10.172100067138672
2010-05-23 06:00:00+00:00,9.436699867248535,10.044699668884277
2010-05-23 09:00:00+00:00,9.681599617004395,10.487000465393066
2010-05-23 12:00:00+00:00,9.831399917602539,10.735099792480469
2010-05-23 15:00:00+00:00,9.844400405883789,10.925600051879883
2010-05-23 18:00:00+00:00,9.826399803161621,11.15410041809082
2010-05-23 21:00:00+00:00,9.76710033416748,11.28279972076416
2010-05-24 00:00:00+00:00,9.773599624633789,11.352999687194824
2010-05-24 03:00:00+00:00,9.99429988861084,11.286700248718262
2010-05-24 06:00:00+00:00,9.828800201416016,10.725099563598633
2010-05-24 09:00:00+00:00,9.54580020904541,10.168299674987793
2010-05-24 12:00:00+00:00,9.052900314331055,9.403599739074707
2010-05-24 15:00:00+00:00,8.514200210571289,8.778400421142578
2010-05-24 18:00:00+00:00,8.289600372314453,8.208700180053711
2010-05-24 21:00:00+00:00,8.384400367736816,7.989299774169922
2010-05-25 00:00:00+00:00,8.298100471496582,8.29699993133545
2010-05-25 03:00:00+00:00,8.733200073242188,9.20199966430664
2010-05-25 06:00:00+00:00,10.027700424194336,10.558600425720215
2010-05-25 09:00:00+00:00,10.969200134277344,10.990699768066406
2010-05-25 12:00:00+00:00,11.019700050354004,10.89009952545166
2010-05-25 15:00:00+00:00,10.903400421142578,10.75160026550293
2010-05-25 18:00:00+00:00,10.506699562072754,10.317299842834473
2010-05-25 21:00:00+00:00,10.123600006103516,9.981100082397461
2010-05-26 00:00:00+00:00,9.77400016784668,10.211099624633789
2010-05-26 03:00:00+00:00,9.908699989318848,10.4443998336792
2010-05-26 06:00:00+00:00,10.015199661254883,10.486000061035156
2010-05-26 09:00:00+00:00,10.150400161743164,10.48740005493164
2010-05-26 12:00:00+00:00,10.312399864196777,10.41819953918457
2010-05-26 15:00:00+00:00,10.348799705505371,10.553500175476074
2010-05-26 18:00:00+00:00,10.1318998336792,10.54699993133545
2010-05-26 21:00:00+00:00,10.196800231933594,10.544500350952148
2010-05-27 00:00:00+00:00,10.23009967803955,10.526599884033203
2010-05-27 03:00:00+00:00,10.180899620056152,10.461600303649902
2010-05-27 06:00:00+00:00,10.074299812316895,10.337800025939941
2010-05-27 09:00:00+00:00,9.936100006103516,10.218600273132324
2010-05-27 12:00:00+00:00,9.79319953918457,10.147700309753418
2010-05-27 15:00:00+00:00,9.665800094604492,10.126999855041504
2010-05-27 18:00:00+00:00,9.559000015258789,10.11929988861084
2010-05-27 21:00:00+00:00,9.438899993896484,10.093000411987305
2010-05-28 00:00:00+00:00,7.957799911499023,10.085700035095215
2010-05-28 03:00:00+00:00,7.790299892425537,9.899200439453125
2010-05-28 06:00:00+00:00,7.8414998054504395,9.368599891662598
2010-05-28 09:00:00+00:00,8.268400192260742,9.490400314331055
2010-05-28 12:00:00+00:00,8.553299903869629,9.511300086975098
2010-05-28 15:00:00+00:00,8.595499992370605,9.5
2010-05-28 18:00:00+00:00,8.374300003051758,9.384900093078613
2010-05-28 21:00:00+00:00,7.548500061035156,9.199600219726562
2010-05-29 00:00:00+00:00,7.469099998474121,9.000800132751465
2010-05-29 03:00:00+00:00,7.723800182342529,9.142499923706055
2010-05-29 06:00:00+00:00,7.852700233459473,9.19219970703125
2010-05-29 09:00:00+00:00,8.018099784851074,9.232199668884277
2010-05-29 12:00:00+00:00,8.136099815368652,9.204099655151367
2010-05-29 15:00:00+00:00,8.119000434875488,9.095800399780273
2010-05-29 18:00:00+00:00,8.003600120544434,8.949299812316895
2010-05-29 21:00:00+00:00,7.855999946594238,8.841400146484375
2010-05-30 00:00:00+00:00,7.7480998039245605,8.822799682617188
2010-05-30 03:00:00+00:00,7.761499881744385,8.966699600219727
2010-05-30 06:00:00+00:00,7.932400226593018,9.228400230407715
2010-05-30 09:00:00+00:00,8.30270004272461,9.515399932861328
2010-05-30 12:00:00+00:00,8.71090030670166,9.444199562072754
2010-05-30 15:00:00+00:00,8.907099723815918,9.360199928283691
2010-05-30 18:00:00+00:00,9.060400009155273,9.375200271606445
2010-05-30 21:00:00+00:00,9.112500190734863,9.388799667358398
2010-05-31 00:00:00+00:00,8.737099647521973,8.924200057983398
2010-05-31 03:00:00+00:00,8.561699867248535,8.360400199890137
2010-05-31 06:00:00+00:00,7.946599960327148,7.884200096130371
2010-05-31 09:00:00+00:00,7.946700096130371,8.220600128173828
2010-05-31 12:00:00+00:00,8.230199813842773,8.839200019836426
2010-05-31 15:00:00+00:00,8.787099838256836,9.20359992980957
2010-05-31 18:00:00+00:00,9.125699996948242,9.414899826049805
2010-05-31 21:00:00+00:00,9.331000328063965,9.64229965209961
2010-06-01 00:00:00+00:00,9.544099807739258,9.866999626159668
2010-06-01 03:00:00+00:00,9.753299713134766,10.076199531555176
2010-06-01 06:00:00+00:00,9.93970012664795,10.259200096130371
2010-06-01 09:00:00+00:00,10.090399742126465,10.369600296020508
2010-06-01 12:00:00+00:00,10.173800468444824,10.260600090026855
2010-06-01 15:00:00+00:00,10.156599998474121,9.867600440979004
2010-06-01 18:00:00+00:00,9.83549976348877,8.255399703979492
2010-06-01 21:00:00+00:00,8.210100173950195,7.437300205230713
2010-06-02 00:00:00+00:00,7.688600063323975,7.531400203704834
2010-06-02 03:00:00+00:00,7.712699890136719,7.509300231933594
2010-06-02 06:00:00+00:00,7.500699996948242,7.253200054168701
2010-06-02 09:00:00+00:00,7.380000114440918,7.374599933624268
2010-06-02 12:00:00+00:00,7.675600051879883,7.603300094604492
2010-06-02 15:00:00+00:00,7.8846001625061035,7.829999923706055
2010-06-02 18:00:00+00:00,8.431699752807617,8.461999893188477
2010-06-02 21:00:00+00:00,8.845199584960938,8.906700134277344
2010-06-03 00:00:00+00:00,8.891300201416016,9.169500350952148
2010-06-03 03:00:00+00:00,8.864999771118164,9.427900314331055
2010-06-03 06:00:00+00:00,9.083999633789062,9.63379955291748
2010-06-03 09:00:00+00:00,9.508899688720703,9.96090030670166
2010-06-03 12:00:00+00:00,9.79010009765625,10.197699546813965
2010-06-03 15:00:00+00:00,9.991499900817871,10.363699913024902
2010-06-03 18:00:00+00:00,10.13539981842041,10.464500427246094
2010-06-03 21:00:00+00:00,10.239500045776367,10.519599914550781
2010-06-04 00:00:00+00:00,10.30459976196289,10.553899765014648
2010-06-04 03:00:00+00:00,10.347999572753906,10.609399795532227
2010-06-04 06:00:00+00:00,10.428600311279297,10.6496000289917
2010-06-04 09:00:00+00:00,10.5733003616333,8.540499687194824
2010-06-04 12:00:00+00:00,10.690500259399414,9.505200386047363
2010-06-04 15:00:00+00:00,10.006500244140625,9.821499824523926
2010-06-04 18:00:00+00:00,9.934900283813477,9.915900230407715
2010-06-04 21:00:00+00:00,10.046099662780762,10.089500427246094
2010-06-05 00:00:00+00:00,10.12090015411377,10.184900283813477
2010-06-05 03:00:00+00:00,10.119500160217285,10.213000297546387
2010-06-05 06:00:00+00:00,10.082200050354004,10.209400177001953
2010-06-05 09:00:00+00:00,10.048399925231934,10.18340015411377
2010-06-05 12:00:00+00:00,10.055899620056152,10.228799819946289
2010-06-05 15:00:00+00:00,10.116700172424316,10.224200248718262
2010-06-05 18:00:00+00:00,10.180700302124023,10.26360034942627
2010-06-05 21:00:00+00:00,10.201000213623047,10.320699691772461
2010-06-06 00:00:00+00:00,10.129500389099121,10.333900451660156
2010-06-06 03:00:00+00:00,10.125900268554688,10.31820011138916
2010-06-06 06:00:00+00:00,10.102700233459473,10.29170036315918
2010-06-06 09:00:00+00:00,10.04990005493164,10.249300003051758
2010-06-06 12:00:00+00:00,9.961099624633789,9.265299797058105
2010-06-06 15:00:00+00:00,9.863300323486328,8.946499824523926
2010-06-06 18:00:00+00:00,9.74020004272461,8.733599662780762
2010-06-06 21:00:00+00:00,9.52400016784668,8.713199615478516
2010-06-07 00:00:00+00:00,9.087900161743164,8.730400085449219
2010-06-07 03:00:00+00:00,8.954000473022461,8.88539981842041
2010-06-07 06:00:00+00:00,8.991100311279297,8.801799774169922
2010-06-07 09:00:00+00:00,9.134900093078613,8.90839958190918
2010-06-07 12:00:00+00:00,9.066300392150879,8.869500160217285
2010-06-07 15:00:00+00:00,8.9128999710083,8.961099624633789
2010-06-07 18:00:00+00:00,8.931599617004395,9.203800201416016
2010-06-07 21:00:00+00:00,9.02910041809082,9.481399536132812
2010-06-08 00:00:00+00:00,9.142399787902832,9.393500328063965
2010-06-08 03:00:00+00:00,8.862299919128418,8.474800109863281
2010-06-08 06:00:00+00:00,8.209099769592285,7.602099895477295
2010-06-08 09:00:00+00:00,7.8805999755859375,7.432700157165527
2010-06-08 12:00:00+00:00,7.674600124359131,7.674699783325195
2010-06-08 15:00:00+00:00,7.894899845123291,8.415800094604492
2010-06-08 18:00:00+00:00,8.275400161743164,9.194600105285645
2010-06-08 21:00:00+00:00,8.661600112915039,9.724800109863281
2010-06-09 00:00:00+00:00,8.933199882507324,9.918000221252441
2010-06-09 03:00:00+00:00,8.954000473022461,8.855299949645996
2010-06-09 06:00:00+00:00,7.479599952697754,6.580699920654297
2010-06-09 09:00:00+00:00,6.862100124359131,6.9506001472473145
2010-06-09 12:00:00+00:00,6.63700008392334,7.239799976348877
2010-06-09 15:00:00+00:00,6.898600101470947,7.331999778747559
2010-06-09 18:00:00+00:00,7.04580020904541,7.809700012207031
2010-06-09 21:00:00+00:00,7.434500217437744,8.639399528503418
2010-06-10 00:00:00+00:00,8.014900207519531,9.074399948120117
2010-06-10 03:00:00+00:00,8.821200370788574,9.5024995803833
2010-06-10 06:00:00+00:00,8.920700073242188,8.968899726867676
2010-06-10 09:00:00+00:00,8.682299613952637,8.380800247192383
2010-06-10 12:00:00+00:00,8.133199691772461,7.972799777984619
2010-06-10 15:00:00+00:00,7.985599994659424,8.16469955444336
2010-06-10 18:00:00+00:00,7.915299892425537,8.062399864196777
2010-06-10 21:00:00+00:00,8.067099571228027,8.111100196838379
2010-06-11 00:00:00+00:00,8.035699844360352,7.901299953460693
2010-06-11 03:00:00+00:00,7.909800052642822,7.899099826812744
2010-06-11 06:00:00+00:00,7.958099842071533,7.964300155639648
2010-06-11 09:00:00+00:00,8.058300018310547,7.967599868774414
2010-06-11 12:00:00+00:00,8.110799789428711,7.884500026702881
2010-06-11 15:00:00+00:00,8.062600135803223,7.61460018157959
2010-06-11 18:00:00+00:00,7.938199996948242,7.53849983215332
2010-06-11 21:00:00+00:00,7.746799945831299,7.272900104522705
2010-06-12 00:00:00+00:00,7.239099979400635,6.715099811553955
2010-06-12 03:00:00+00:00,6.856299877166748,6.43209981918335
2010-06-12 06:00:00+00:00,6.6153998374938965,6.4141998291015625
2010-06-12 09:00:00+00:00,6.71120023727417,6.513000011444092
2010-06-12 12:00:00+00:00,6.8933000564575195,6.563499927520752
2010-06-12 15:00:00+00:00,7.156199932098389,6.587100028991699
2010-06-12 18:00:00+00:00,7.493500232696533,6.605999946594238
2010-06-12 21:00:00+00:00,6.973999977111816,6.590000152587891
2010-06-13 00:00:00+00:00,6.701000213623047,6.7291998863220215
2010-06-13 03:00:00+00:00,6.700900077819824,6.825699806213379
2010-06-13 06:00:00+00:00,7.246799945831299,7.376800060272217
2010-06-13 09:00:00+00:00,8.405900001525879,8.419300079345703
2010-06-13 12:00:00+00:00,9.577199935913086,9.35569953918457
2010-06-13 15:00:00+00:00,9.893799781799316,9.470199584960938
2010-06-13 18:00:00+00:00,9.508199691772461,9.321800231933594
2010-06-13 21:00:00+00:00,9.237600326538086,9.015600204467773
2010-06-14 00:00:00+00:00,9.111200332641602,8.940999984741211
2010-06-14 03:00:00+00:00,9.095999717712402,9.001799583435059
2010-06-14 06:00:00+00:00,9.10770034790039,8.912300109863281
2010-06-14 09:00:00+00:00,9.22659969329834,8.94540023803711
2010-06-14 12:00:00+00:00,9.178099632263184,8.838399887084961
2010-06-14 15:00:00+00:00,9.205400466918945,8.819199562072754
2010-06-14 18:00:00+00:00,8.952099800109863,8.590700149536133
2010-06-14 21:00:00+00:00,8.95989990234375,8.504899978637695
2010-06-15 00:00:00+00:00,8.599800109863281,8.1766996383667
2010-06-15 03:00:00+00:00,8.434599876403809,8.011899948120117
2010-06-15 06:00:00+00:00,8.36139965057373,7.935500144958496
2010-06-15 09:00:00+00:00,8.492300033569336,7.992300033569336
2010-06-15 12:00:00+00:00,8.609399795532227,7.975100040435791
2010-06-15 15:00:00+00:00,8.837400436401367,8.53320026397705
2010-06-15 18:00:00+00:00,8.639699935913086,8.443400382995605
2010-06-15 21:00:00+00:00,8.615799903869629,8.392399787902832
2010-06-16 00:00:00+00:00,8.531299591064453,8.077300071716309
2010-06-16 03:00:00+00:00,8.495599746704102,8.15999984741211
2010-06-16 06:00:00+00:00,8.266400337219238,7.92519998550415
2010-06-16 09:00:00+00:00,8.353799819946289,8.195799827575684
2010-06-16 12:00:00+00:00,8.334199905395508,8.18120002746582
2010-06-16 15:00:00+00:00,8.218500137329102,8.242500305175781
2010-06-16 18:00:00+00:00,8.254799842834473,8.498100280761719
2010-06-16 21:00:00+00:00,8.579700469970703,8.724100112915039
2010-06-17 00:00:00+00:00,8.88129997253418,8.95989990234375
2010-06-17 03:00:00+00:00,9.064499855041504,9.08549976348877
2010-06-17 06:00:00+00:00,8.852299690246582,8.862899780273438
2010-06-17 09:00:00+00:00,9.143699645996094,9.120599746704102
2010-06-17 12:00:00+00:00,9.280099868774414,9.116900444030762
2010-06-17 15:00:00+00:00,9.657500267028809,9.531100273132324
2010-06-17 18:00:00+00:00,9.87720012664795,9.684800148010254
2010-06-17 21:00:00+00:00,10.004899978637695,9.747699737548828
2010-06-18 00:00:00+00:00,9.996800422668457,9.6003999710083
2010-06-18 03:00:00+00:00,9.899999618530273,9.405799865722656
2010-06-18 06:00:00+00:00,9.862500190734863,9.389300346374512
2010-06-18 09:00:00+00:00,9.993900299072266,9.730600357055664
2010-06-18 12:00:00+00:00,10.045000076293945,9.913100242614746
2010-06-18 15:00:00+00:00,10.053199768066406,9.92770004272461
2010-06-18 18:00:00+00:00,9.99269962310791,9.870800018310547
2010-06-18 21:00:00+00:00,9.515899658203125,9.20479965209961
2010-06-19 00:00:00+00:00,8.798700332641602,8.594400405883789
2010-06-19 03:00:00+00:00,8.951399803161621,8.539999961853027
2010-06-19 06:00:00+00:00,9.284299850463867,8.809100151062012
2010-06-19 09:00:00+00:00,9.404899597167969,9.000200271606445
2010-06-19 12:00:00+00:00,9.27560043334961,9.071800231933594
2010-06-19 15:00:00+00:00,9.222999572753906,9.149399757385254
2010-06-19 18:00:00+00:00,9.23740005493164,9.12600040435791
2010-06-19 21:00:00+00:00,9.214300155639648,9.051600456237793
2010-06-20 00:00:00+00:00,9.135199546813965,9.023500442504883
2010-06-20 03:00:00+00:00,9.09000015258789,8.881400108337402
2010-06-20 06:00:00+00:00,9.126399993896484,8.38759994506836
2010-06-20 09:00:00+00:00,9.255999565124512,8.543399810791016
2010-06-20 12:00:00+00:00,9.350700378417969,8.492199897766113
2010-06-20 15:00:00+00:00,9.401200294494629,8.697699546813965
2010-06-20 18:00:00+00:00,9.27649974822998,8.9621000289917
2010-06-20 21:00:00+00:00,9.11240005493164,9.106599807739258
2010-06-21 00:00:00+00:00,9.036100387573242,9.074199676513672
2010-06-21 03:00:00+00:00,8.96310043334961,8.769499778747559
2010-06-21 06:00:00+00:00,8.771599769592285,8.348600387573242
2010-06-21 09:00:00+00:00,8.823200225830078,8.615099906921387
2010-06-21 12:00:00+00:00,8.913800239562988,8.856900215148926
2010-06-21 15:00:00+00:00,9.045599937438965,9.081899642944336
2010-06-21 18:00:00+00:00,9.257800102233887,9.247900009155273
2010-06-21 21:00:00+00:00,9.452699661254883,9.281200408935547
2010-06-22 00:00:00+00:00,9.38949966430664,9.036600112915039
2010-06-22 03:00:00+00:00,9.024499893188477,8.350299835205078
2010-06-22 06:00:00+00:00,8.694499969482422,7.923399925231934
2010-06-22 09:00:00+00:00,8.668899536132812,7.489799976348877
2010-06-22 12:00:00+00:00,8.686699867248535,7.604000091552734
2010-06-22 15:00:00+00:00,8.692999839782715,7.706699848175049
2010-06-22 18:00:00+00:00,8.645899772644043,7.506700038909912
2010-06-22 21:00:00+00:00,8.27560043334961,7.218999862670898
2010-06-23 00:00:00+00:00,7.859399795532227,7.198599815368652
2010-06-23 03:00:00+00:00,7.927299976348877,7.9415998458862305
2010-06-23 06:00:00+00:00,8.82229995727539,8.98799991607666
2010-06-23 09:00:00+00:00,10.03909969329834,10.08080005645752
2010-06-23 12:00:00+00:00,10.57800006866455,10.559700012207031
2010-06-23 15:00:00+00:00,10.687199592590332,10.683600425720215
2010-06-23 18:00:00+00:00,10.637900352478027,10.632100105285645
2010-06-23 21:00:00+00:00,10.538900375366211,10.498800277709961
2010-06-24 00:00:00+00:00,10.375499725341797,10.177599906921387
2010-06-24 03:00:00+00:00,10.023599624633789,10.038599967956543
2010-06-24 06:00:00+00:00,9.69849967956543,9.822099685668945
2010-06-24 09:00:00+00:00,9.7746000289917,9.92020034790039
2010-06-24 12:00:00+00:00,9.861200332641602,9.992300033569336
2010-06-24 15:00:00+00:00,9.807600021362305,9.850299835205078
2010-06-24 18:00:00+00:00,9.773900032043457,9.599599838256836
2010-06-24 21:00:00+00:00,9.36400032043457,9.278900146484375
2010-06-25 00:00:00+00:00,8.38290023803711,8.2524995803833
2010-06-25 03:00:00+00:00,8.502699851989746,8.134599685668945
2010-06-25 06:00:00+00:00,8.924099922180176,8.645500183105469
2010-06-25 09:00:00+00:00,9.38659954071045,9.236100196838379
2010-06-25 12:00:00+00:00,9.530599594116211,9.57859992980957
2010-06-25 15:00:00+00:00,9.621299743652344,9.795299530029297
2010-06-25 18:00:00+00:00,9.733799934387207,9.825599670410156
2010-06-25 21:00:00+00:00,9.857199668884277,9.679400444030762
2010-06-26 00:00:00+00:00,9.360600471496582,8.802800178527832
2010-06-26 03:00:00+00:00,8.918800354003906,8.430000305175781
2010-06-26 06:00:00+00:00,8.764599800109863,8.315199851989746
2010-06-26 09:00:00+00:00,9.115099906921387,8.606900215148926
2010-06-26 12:00:00+00:00,9.560199737548828,9.072999954223633
2010-06-26 15:00:00+00:00,10.146599769592285,9.724200248718262
2010-06-26 18:00:00+00:00,10.624099731445312,9.970000267028809
2010-06-26 21:00:00+00:00,10.911999702453613,10.004500389099121
2010-06-27 00:00:00+00:00,10.552000045776367,9.430100440979004
2010-06-27 03:00:00+00:00,9.913999557495117,8.87559986114502
2010-06-27 06:00:00+00:00,10.099599838256836,8.946800231933594
2010-06-27 09:00:00+00:00,10.679499626159668,9.628299713134766
2010-06-27 12:00:00+00:00,11.03279972076416,10.415599822998047
2010-06-27 15:00:00+00:00,11.257200241088867,10.944700241088867
2010-06-27 18:00:00+00:00,11.389300346374512,11.276200294494629
2010-06-27 21:00:00+00:00,11.312600135803223,10.523099899291992
2010-06-28 00:00:00+00:00,10.71030044555664,10.122200012207031
2010-06-28 03:00:00+00:00,10.496700286865234,10.453900337219238
2010-06-28 06:00:00+00:00,10.463899612426758,10.828100204467773
2010-06-28 09:00:00+00:00,10.384200096130371,10.954299926757812
2010-06-28 12:00:00+00:00,10.233200073242188,10.944700241088867
2010-06-28 15:00:00+00:00,10.133999824523926,10.89579963684082
2010-06-28 18:00:00+00:00,10.102299690246582,10.61400032043457
2010-06-28 21:00:00+00:00,9.702899932861328,9.179800033569336
2010-06-29 00:00:00+00:00,8.767399787902832,8.631400108337402
2010-06-29 03:00:00+00:00,8.240599632263184,8.59570026397705
2010-06-29 06:00:00+00:00,8.228300094604492,8.601900100708008
2010-06-29 09:00:00+00:00,8.593700408935547,8.88230037689209
2010-06-29 12:00:00+00:00,8.771699905395508,8.968700408935547
2010-06-29 15:00:00+00:00,8.941200256347656,9.094099998474121
2010-06-29 18:00:00+00:00,8.974300384521484,9.175600051879883
2010-06-29 21:00:00+00:00,8.902000427246094,9.15369987487793
2010-06-30 00:00:00+00:00,8.292699813842773,8.593400001525879
2010-06-30 03:00:00+00:00,8.404000282287598,8.715100288391113
2010-06-30 06:00:00+00:00,8.565799713134766,8.835200309753418
2010-06-30 09:00:00+00:00,8.773300170898438,8.958999633789062
2010-06-30 12:00:00+00:00,8.825499534606934,8.869799613952637
2010-06-30 15:00:00+00:00,8.810099601745605,9.064599990844727
2010-06-30 18:00:00+00:00,8.723299980163574,9.06779956817627
2010-06-30 21:00:00+00:00,8.543100357055664,8.861700057983398
2010-07-01 00:00:00+00:00,7.819399833679199,8.507100105285645
2010-07-01 03:00:00+00:00,7.671899795532227,8.477399826049805
2010-07-01 06:00:00+00:00,8.049200057983398,8.828200340270996
2010-07-01 09:00:00+00:00,8.40149974822998,9.126999855041504
2010-07-01 12:00:00+00:00,8.544099807739258,9.319600105285645
2010-07-01 15:00:00+00:00,8.573399543762207,9.538299560546875
2010-07-01 18:00:00+00:00,8.53849983215332,9.67770004272461
2010-07-01 21:00:00+00:00,7.371099948883057,8.144700050354004
2010-07-02 00:00:00+00:00,6.684800148010254,7.790500164031982
2010-07-02 03:00:00+00:00,7.214399814605713,8.258199691772461
2010-07-02 06:00:00+00:00,7.512899875640869,8.116100311279297
2010-07-02 09:00:00+00:00,7.742300033569336,8.184399604797363
2010-07-02 12:00:00+00:00,7.830100059509277,8.203700065612793
2010-07-02 15:00:00+00:00,7.907400131225586,8.262499809265137
2010-07-02 18:00:00+00:00,8.03600025177002,8.186599731445312
2010-07-02 21:00:00+00:00,8.036299705505371,7.745800018310547
2010-07-03 00:00:00+00:00,7.426799774169922,7.389400005340576
2010-07-03 03:00:00+00:00,7.508999824523926,7.407899856567383
2010-07-03 06:00:00+00:00,7.492499828338623,7.33519983291626
2010-07-03 09:00:00+00:00,7.672500133514404,7.5269999504089355
2010-07-03 12:00:00+00:00,7.8445000648498535,7.5731000900268555
2010-07-03 15:00:00+00:00,8.055100440979004,8.030200004577637
2010-07-03 18:00:00+00:00,8.303999900817871,8.456000328063965
2010-07-03 21:00:00+00:00,8.546600341796875,8.064200401306152
2010-07-04 00:00:00+00:00,7.963399887084961,7.09499979019165
2010-07-04 03:00:00+00:00,7.715700149536133,7.1975998878479
2010-07-04 06:00:00+00:00,7.751800060272217,7.4156999588012695
2010-07-04 09:00:00+00:00,8.380499839782715,7.971199989318848
2010-07-04 12:00:00+00:00,8.76669979095459,8.141200065612793
2010-07-04 15:00:00+00:00,9.089500427246094,8.339699745178223
2010-07-04 18:00:00+00:00,9.376299858093262,8.5649995803833
2010-07-04 21:00:00+00:00,9.574399948120117,8.768600463867188
2010-07-05 00:00:00+00:00,9.21969985961914,8.695300102233887
2010-07-05 03:00:00+00:00,9.021699905395508,8.694899559020996
2010-07-05 06:00:00+00:00,8.898799896240234,8.316200256347656
2010-07-05 09:00:00+00:00,8.643799781799316,8.040800094604492
2010-07-05 12:00:00+00:00,8.465999603271484,7.967700004577637
2010-07-05 15:00:00+00:00,8.578200340270996,8.202500343322754
2010-07-05 18:00:00+00:00,8.713399887084961,8.615799903869629
2010-07-05 21:00:00+00:00,8.8056001663208,8.69849967956543
2010-07-06 00:00:00+00:00,8.514200210571289,8.28380012512207
2010-07-06 03:00:00+00:00,8.435199737548828,8.086199760437012
2010-07-06 06:00:00+00:00,8.430100440979004,7.952300071716309
2010-07-06 09:00:00+00:00,8.331199645996094,7.871799945831299
2010-07-06 12:00:00+00:00,8.102399826049805,7.895899772644043
2010-07-06 15:00:00+00:00,7.919899940490723,7.839600086212158
2010-07-06 18:00:00+00:00,7.857999801635742,7.84060001373291
2010-07-06 21:00:00+00:00,7.843200206756592,7.818600177764893
2010-07-07 00:00:00+00:00,7.292399883270264,7.668600082397461
2010-07-07 03:00:00+00:00,7.288400173187256,7.859300136566162
2010-07-07 06:00:00+00:00,7.294400215148926,7.843800067901611
2010-07-07 09:00:00+00:00,7.481900215148926,8.103300094604492
2010-07-07 12:00:00+00:00,7.831200122833252,8.645999908447266
2010-07-07 15:00:00+00:00,8.197999954223633,9.014599800109863
2010-07-07 18:00:00+00:00,8.447199821472168,9.197799682617188
2010-07-07 21:00:00+00:00,8.613300323486328,9.313599586486816
2010-07-08 00:00:00+00:00,8.705900192260742,9.380900382995605
2010-07-08 03:00:00+00:00,8.696499824523926,9.402999877929688
2010-07-08 06:00:00+00:00,8.721699714660645,9.349699974060059
2010-07-08 09:00:00+00:00,8.668299674987793,9.463199615478516
2010-07-08 12:00:00+00:00,8.592499732971191,9.513299942016602
2010-07-08 15:00:00+00:00,8.475700378417969,9.474800109863281
2010-07-08 18:00:00+00:00,8.36769962310791,9.384400367736816
2010-07-08 21:00:00+00:00,8.29170036315918,9.27970027923584
2010-07-09 00:00:00+00:00,8.230799674987793,9.092700004577637
2010-07-09 03:00:00+00:00,8.200699806213379,9.013400077819824
2010-07-09 06:00:00+00:00,8.156900405883789,8.937399864196777
2010-07-09 09:00:00+00:00,8.116999626159668,8.673999786376953
2010-07-09 12:00:00+00:00,8.020299911499023,7.757400035858154
2010-07-09 15:00:00+00:00,7.924900054931641,7.510200023651123
2010-07-09 18:00:00+00:00,7.7677998542785645,7.456900119781494
2010-07-09 21:00:00+00:00,7.444499969482422,7.038899898529053
2010-07-10 00:00:00+00:00,6.719600200653076,6.748499870300293
2010-07-10 03:00:00+00:00,6.477799892425537,6.65339994430542
2010-07-10 06:00:00+00:00,6.798900127410889,6.880199909210205
2010-07-10 09:00:00+00:00,7.182799816131592,7.334000110626221
2010-07-10 12:00:00+00:00,7.155799865722656,7.301300048828125
2010-07-10 15:00:00+00:00,7.089799880981445,7.123700141906738
2010-07-10 18:00:00+00:00,7.0,7.151599884033203
2010-07-10 21:00:00+00:00,6.518499851226807,6.596399784088135
2010-07-11 00:00:00+00:00,6.039599895477295,6.292300224304199
2010-07-11 03:00:00+00:00,6.138400077819824,6.469600200653076
2010-07-11 06:00:00+00:00,6.37529993057251,6.493100166320801
2010-07-11 09:00:00+00:00,6.757299900054932,6.681399822235107
2010-07-11 12:00:00+00:00,7.247600078582764,6.965099811553955
2010-07-11 15:00:00+00:00,7.864200115203857,7.367300033569336
2010-07-11 18:00:00+00:00,8.428999900817871,7.884399890899658
2010-07-11 21:00:00+00:00,8.81089973449707,8.241600036621094
2010-07-12 00:00:00+00:00,8.72070026397705,8.308500289916992
2010-07-12 03:00:00+00:00,8.749600410461426,8.500200271606445
2010-07-12 06:00:00+00:00,8.870800018310547,8.607399940490723
2010-07-12 09:00:00+00:00,9.160400390625,8.888699531555176
2010-07-12 12:00:00+00:00,9.321599960327148,8.956500053405762
2010-07-12 15:00:00+00:00,9.60099983215332,9.049200057983398
2010-07-12 18:00:00+00:00,9.690699577331543,9.214099884033203
2010-07-12 21:00:00+00:00,9.82349967956543,9.432000160217285
2010-07-13 00:00:00+00:00,9.493300437927246,9.156299591064453
2010-07-13 03:00:00+00:00,9.535699844360352,8.888400077819824
2010-07-13 06:00:00+00:00,9.532400131225586,8.798100471496582
2010-07-13 09:00:00+00:00,9.785400390625,8.95680046081543
2010-07-13 12:00:00+00:00,9.816300392150879,8.9197998046875
2010-07-13 15:00:00+00:00,10.057000160217285,9.15839958190918
2010-07-13 18:00:00+00:00,10.005200386047363,9.189499855041504
2010-07-13 21:00:00+00:00,9.626399993896484,8.616000175476074
2010-07-14 00:00:00+00:00,9.194199562072754,8.225700378417969
2010-07-14 03:00:00+00:00,8.855400085449219,8.109299659729004
2010-07-14 06:00:00+00:00,8.78320026397705,8.04419994354248
2010-07-14 09:00:00+00:00,8.642900466918945,7.991000175476074
2010-07-14 12:00:00+00:00,8.517000198364258,7.957699775695801
2010-07-14 15:00:00+00:00,8.522500038146973,7.920400142669678
2010-07-14 18:00:00+00:00,8.610300064086914,7.851600170135498
2010-07-14 21:00:00+00:00,8.081700325012207,7.4618000984191895
2010-07-15 00:00:00+00:00,7.389699935913086,7.38539981842041
2010-07-15 03:00:00+00:00,7.415900230407715,7.387599945068359
2010-07-15 06:00:00+00:00,7.54040002822876,7.438700199127197
2010-07-15 09:00:00+00:00,7.632500171661377,7.514699935913086
2010-07-15 12:00:00+00:00,7.587500095367432,7.48199987411499
2010-07-15 15:00:00+00:00,7.456500053405762,7.326600074768066
2010-07-15 18:00:00+00:00,7.4857001304626465,7.348499774932861
2010-07-15 21:00:00+00:00,7.343900203704834,7.304100036621094
2010-07-16 00:00:00+00:00,7.232800006866455,7.381800174713135
2010-07-16 03:00:00+00:00,7.440400123596191,7.383500099182129
2010-07-16 06:00:00+00:00,7.571400165557861,7.4166998863220215
2010-07-16 09:00:00+00:00,7.829800128936768,7.560800075531006
2010-07-16 12:00:00+00:00,7.909999847412109,7.541999816894531
2010-07-16 15:00:00+00:00,8.034799575805664,7.592599868774414
2010-07-16 18:00:00+00:00,8.273599624633789,7.5817999839782715
2010-07-16 21:00:00+00:00,8.241700172424316,7.418700218200684
2010-07-17 00:00:00+00:00,7.99459981918335,7.338699817657471
2010-07-17 03:00:00+00:00,7.868899822235107,7.299900054931641
2010-07-17 06:00:00+00:00,7.893700122833252,7.3282999992370605
2010-07-17 09:00:00+00:00,7.844900131225586,7.265399932861328
2010-07-17 12:00:00+00:00,7.861199855804443,7.282199859619141
2010-07-17 15:00:00+00:00,8.052399635314941,7.361299991607666
2010-07-17 18:00:00+00:00,8.28380012512207,7.6305999755859375
2010-07-17 21:00:00+00:00,8.406999588012695,7.63129997253418
2010-07-18 00:00:00+00:00,8.147000312805176,7.4380998611450195
2010-07-18 03:00:00+00:00,7.701300144195557,7.398099899291992
2010-07-18 06:00:00+00:00,7.678800106048584,7.383800029754639
2010-07-18 09:00:00+00:00,7.843299865722656,7.395400047302246
2010-07-18 12:00:00+00:00,7.873199939727783,7.42609977722168
2010-07-18 15:00:00+00:00,7.99370002746582,7.723700046539307
2010-07-18 18:00:00+00:00,8.112899780273438,7.714600086212158
2010-07-18 21:00:00+00:00,8.248700141906738,7.720300197601318
2010-07-19 00:00:00+00:00,8.155500411987305,7.424200057983398
2010-07-19 03:00:00+00:00,8.089599609375,7.5441999435424805
2010-07-19 06:00:00+00:00,8.00629997253418,7.527200222015381
2010-07-19 09:00:00+00:00,7.91510009765625,7.507900238037109
2010-07-19 12:00:00+00:00,7.874899864196777,7.536600112915039
2010-07-19 15:00:00+00:00,8.06760025024414,7.808800220489502
2010-07-19 18:00:00+00:00,8.418999671936035,8.155699729919434
2010-07-19 21:00:00+00:00,8.803099632263184,7.867400169372559
2010-07-20 00:00:00+00:00,8.20259952545166,7.44890022277832
2010-07-20 03:00:00+00:00,8.035799980163574,7.519000053405762
2010-07-20 06:00:00+00:00,8.004799842834473,7.707300186157227
2010-07-20 09:00:00+00:00,8.200900077819824,8.157899856567383
2010-07-20 12:00:00+00:00,8.515000343322754,8.397500038146973
2010-07-20 15:00:00+00:00,8.757499694824219,8.40530014038086
2010-07-20 18:00:00+00:00,8.935999870300293,8.499699592590332
2010-07-20 21:00:00+00:00,9.298600196838379,8.848099708557129
2010-07-21 00:00:00+00:00,9.2568998336792,8.91469955444336
2010-07-21 03:00:00+00:00,9.293700218200684,8.951299667358398
2010-07-21 06:00:00+00:00,9.296699523925781,9.15410041809082
2010-07-21 09:00:00+00:00,9.008999824523926,9.112099647521973
2010-07-21 12:00:00+00:00,8.98550033569336,9.224800109863281
2010-07-21 15:00:00+00:00,9.0556001663208,9.437800407409668
2010-07-21 18:00:00+00:00,9.28499984741211,9.565600395202637
2010-07-21 21:00:00+00:00,9.506600379943848,9.545299530029297
2010-07-22 00:00:00+00:00,8.865099906921387,8.799099922180176
2010-07-22 03:00:00+00:00,8.618399620056152,8.541299819946289
2010-07-22 06:00:00+00:00,8.682999610900879,8.424400329589844
2010-07-22 09:00:00+00:00,8.682100296020508,8.424799919128418
2010-07-22 12:00:00+00:00,8.50160026550293,8.307900428771973
2010-07-22 15:00:00+00:00,8.607399940490723,8.519000053405762
2010-07-22 18:00:00+00:00,8.728500366210938,8.731300354003906
2010-07-22 21:00:00+00:00,8.736900329589844,8.694600105285645
2010-07-23 00:00:00+00:00,8.023599624633789,7.95419979095459
2010-07-23 03:00:00+00:00,7.703100204467773,7.45989990234375
2010-07-23 06:00:00+00:00,7.5447001457214355,7.3460001945495605
2010-07-23 09:00:00+00:00,7.606599807739258,7.3225998878479
2010-07-23 12:00:00+00:00,7.864299774169922,7.360599994659424
2010-07-23 15:00:00+00:00,8.107600212097168,7.2947001457214355
2010-07-23 18:00:00+00:00,8.225099563598633,7.29010009765625
2010-07-23 21:00:00+00:00,7.804699897766113,7.116700172424316
2010-07-24 00:00:00+00:00,7.189700126647949,7.203400135040283
2010-07-24 03:00:00+00:00,6.99370002746582,7.152900218963623
2010-07-24 06:00:00+00:00,7.130799770355225,7.2866997718811035
2010-07-24 09:00:00+00:00,7.197000026702881,7.430500030517578
2010-07-24 12:00:00+00:00,7.3414998054504395,7.610300064086914
2010-07-24 15:00:00+00:00,7.378499984741211,7.611999988555908
2010-07-24 18:00:00+00:00,7.375400066375732,7.643400192260742
2010-07-24 21:00:00+00:00,7.1331000328063965,7.567200183868408
2010-07-25 00:00:00+00:00,7.050600051879883,7.612800121307373
2010-07-25 03:00:00+00:00,7.381100177764893,7.758500099182129
2010-07-25 06:00:00+00:00,7.677700042724609,7.910299777984619
2010-07-25 09:00:00+00:00,8.112000465393066,8.360799789428711
2010-07-25 12:00:00+00:00,8.35260009765625,8.464099884033203
2010-07-25 15:00:00+00:00,8.522000312805176,8.407299995422363
2010-07-25 18:00:00+00:00,8.6628999710083,8.428799629211426
2010-07-25 21:00:00+00:00,8.713199615478516,8.247099876403809
2010-07-26 00:00:00+00:00,8.398599624633789,7.987800121307373
2010-07-26 03:00:00+00:00,8.480999946594238,8.291299819946289
2010-07-26 06:00:00+00:00,8.50220012664795,8.26609992980957
2010-07-26 09:00:00+00:00,8.569199562072754,8.494199752807617
2010-07-26 12:00:00+00:00,8.666999816894531,8.622900009155273
2010-07-26 15:00:00+00:00,8.71660041809082,8.62030029296875
2010-07-26 18:00:00+00:00,8.728699684143066,8.61970043182373
2010-07-26 21:00:00+00:00,8.738800048828125,8.572400093078613
2010-07-27 00:00:00+00:00,8.512100219726562,8.299500465393066
2010-07-27 03:00:00+00:00,8.44379997253418,8.630499839782715
2010-07-27 06:00:00+00:00,8.381500244140625,8.589400291442871
2010-07-27 09:00:00+00:00,8.376500129699707,8.662799835205078
2010-07-27 12:00:00+00:00,8.376999855041504,8.642000198364258
2010-07-27 15:00:00+00:00,8.388999938964844,8.574799537658691
2010-07-27 18:00:00+00:00,8.375699996948242,8.554200172424316
2010-07-27 21:00:00+00:00,8.357500076293945,8.435099601745605
2010-07-28 00:00:00+00:00,8.327699661254883,8.197999954223633
2010-07-28 03:00:00+00:00,8.285799980163574,8.418600082397461
2010-07-28 06:00:00+00:00,8.3681001663208,8.465900421142578
2010-07-28 09:00:00+00:00,8.555800437927246,8.663700103759766
2010-07-28 12:00:00+00:00,8.597000122070312,8.52929973602295
2010-07-28 15:00:00+00:00,8.458900451660156,8.167799949645996
2010-07-28 18:00:00+00:00,8.31089973449707,8.066499710083008
2010-07-28 21:00:00+00:00,8.173700332641602,8.053600311279297
2010-07-29 00:00:00+00:00,7.839200019836426,7.963200092315674
2010-07-29 03:00:00+00:00,8.033900260925293,8.324600219726562
2010-07-29 06:00:00+00:00,8.36359977722168,8.689000129699707
2010-07-29 09:00:00+00:00,8.693499565124512,8.967100143432617
2010-07-29 12:00:00+00:00,8.892999649047852,8.960000038146973
2010-07-29 15:00:00+00:00,8.860300064086914,8.555299758911133
2010-07-29 18:00:00+00:00,8.71049976348877,8.294899940490723
2010-07-29 21:00:00+00:00,8.5,8.322699546813965
2010-07-30 00:00:00+00:00,7.82889986038208,7.904200077056885
2010-07-30 03:00:00+00:00,7.756400108337402,7.996099948883057
2010-07-30 06:00:00+00:00,7.985499858856201,8.080300331115723
2010-07-30 09:00:00+00:00,8.20460033416748,8.314200401306152
2010-07-30 12:00:00+00:00,8.349599838256836,8.427000045776367
2010-07-30 15:00:00+00:00,8.466500282287598,8.319000244140625
2010-07-30 18:00:00+00:00,8.600199699401855,8.325400352478027
2010-07-30 21:00:00+00:00,8.689399719238281,8.47700023651123
2010-07-31 00:00:00+00:00,8.762999534606934,8.498100280761719
2010-07-31 03:00:00+00:00,8.880499839782715,8.416299819946289
2010-07-31 06:00:00+00:00,8.929800033569336,8.271300315856934
2010-07-31 09:00:00+00:00,8.878800392150879,8.576600074768066
2010-07-31 12:00:00+00:00,8.792099952697754,8.851699829101562
2010-07-31 15:00:00+00:00,8.88479995727539,9.189499855041504
2010-07-31 18:00:00+00:00,9.192099571228027,9.514699935913086
2010-07-31 21:00:00+00:00,9.58430004119873,9.72070026397705
2010-08-01 00:00:00+00:00,9.81980037689209,9.736200332641602
2010-08-01 03:00:00+00:00,9.821000099182129,9.617799758911133
2010-08-01 06:00:00+00:00,9.669099807739258,9.410400390625
2010-08-01 09:00:00+00:00,9.431500434875488,9.260899543762207
2010-08-01 12:00:00+00:00,9.229299545288086,9.322500228881836
2010-08-01 15:00:00+00:00,9.222399711608887,9.57289981842041
2010-08-01 18:00:00+00:00,9.435799598693848,9.865699768066406
2010-08-01 21:00:00+00:00,9.723999977111816,9.983099937438965
2010-08-02 00:00:00+00:00,9.913700103759766,9.704299926757812
2010-08-02 03:00:00+00:00,9.743499755859375,9.215700149536133
2010-08-02 06:00:00+00:00,9.276399612426758,8.77180004119873
2010-08-02 09:00:00+00:00,8.984199523925781,8.5024995803833
2010-08-02 12:00:00+00:00,8.875699996948242,8.609199523925781
2010-08-02 15:00:00+00:00,8.910900115966797,8.740799903869629
2010-08-02 18:00:00+00:00,9.03689956665039,9.102899551391602
2010-08-02 21:00:00+00:00,9.31089973449707,9.438899993896484
2010-08-03 00:00:00+00:00,9.44480037689209,9.205300331115723
2010-08-03 03:00:00+00:00,9.272899627685547,8.714799880981445
2010-08-03 06:00:00+00:00,9.3056001663208,8.519499778747559
2010-08-03 09:00:00+00:00,9.175399780273438,8.508000373840332
2010-08-03 12:00:00+00:00,8.977999687194824,8.458900451660156
2010-08-03 15:00:00+00:00,8.834600448608398,8.453800201416016
2010-08-03 18:00:00+00:00,8.823100090026855,8.492600440979004
2010-08-03 21:00:00+00:00,8.905099868774414,8.52280044555664
2010-08-04 00:00:00+00:00,8.916199684143066,8.581899642944336
2010-08-04 03:00:00+00:00,8.843299865722656,8.331700325012207
2010-08-04 06:00:00+00:00,8.968500137329102,8.460800170898438
2010-08-04 09:00:00+00:00,9.037799835205078,8.817399978637695
2010-08-04 12:00:00+00:00,9.041500091552734,9.012299537658691
2010-08-04 15:00:00+00:00,9.072400093078613,9.204099655151367
2010-08-04 18:00:00+00:00,9.174599647521973,9.399900436401367
2010-08-04 21:00:00+00:00,9.30370044708252,9.543100357055664
2010-08-05 00:00:00+00:00,9.12339973449707,9.181300163269043
2010-08-05 03:00:00+00:00,9.18340015411377,9.069999694824219
2010-08-05 06:00:00+00:00,9.351499557495117,9.10770034790039
2010-08-05 09:00:00+00:00,9.47760009765625,9.079899787902832
2010-08-05 12:00:00+00:00,9.409199714660645,8.97719955444336
2010-08-05 15:00:00+00:00,9.218899726867676,9.031700134277344
2010-08-05 18:00:00+00:00,9.168800354003906,9.179900169372559
2010-08-05 21:00:00+00:00,9.277400016784668,9.344799995422363
2010-08-06 00:00:00+00:00,9.449999809265137,9.4483003616333
2010-08-06 03:00:00+00:00,9.544699668884277,9.506400108337402
2010-08-06 06:00:00+00:00,9.601300239562988,9.270899772644043
2010-08-06 09:00:00+00:00,9.588399887084961,8.932000160217285
2010-08-06 12:00:00+00:00,9.31149959564209,8.574600219726562
2010-08-06 15:00:00+00:00,8.994799613952637,8.492600440979004
2010-08-06 18:00:00+00:00,8.977399826049805,8.556099891662598
2010-08-06 21:00:00+00:00,9.23289966583252,8.701800346374512
2010-08-07 00:00:00+00:00,9.316699981689453,8.606800079345703
2010-08-07 03:00:00+00:00,9.204999923706055,8.460200309753418
2010-08-07 06:00:00+00:00,8.900099754333496,8.206199645996094
2010-08-07 09:00:00+00:00,9.217700004577637,8.7923002243042
2010-08-07 12:00:00+00:00,9.548500061035156,9.4266996383667
2010-08-07 15:00:00+00:00,9.855600357055664,9.866700172424316
2010-08-07 18:00:00+00:00,10.131799697875977,10.197600364685059
2010-08-07 21:00:00+00:00,10.338000297546387,10.394599914550781
2010-08-08 00:00:00+00:00,10.38010025024414,10.520099639892578
2010-08-08 03:00:00+00:00,10.435700416564941,10.51360034942627
2010-08-08 06:00:00+00:00,10.202300071716309,9.7298002243042
2010-08-08 09:00:00+00:00,9.758600234985352,9.015899658203125
2010-08-08 12:00:00+00:00,9.086199760437012,8.512200355529785
2010-08-08 15:00:00+00:00,8.912099838256836,8.210000038146973
2010-08-08 18:00:00+00:00,8.908699989318848,8.183600425720215
2010-08-08 21:00:00+00:00,8.956299781799316,8.427599906921387
2010-08-09 00:00:00+00:00,8.562000274658203,8.476200103759766
2010-08-09 03:00:00+00:00,8.071000099182129,8.128100395202637
2010-08-09 06:00:00+00:00,7.787799835205078,7.599699974060059
2010-08-09 09:00:00+00:00,8.213299751281738,7.643199920654297
2010-08-09 12:00:00+00:00,8.348799705505371,7.759099960327148
2010-08-09 15:00:00+00:00,8.445300102233887,7.698200225830078
2010-08-09 18:00:00+00:00,8.51039981842041,7.735000133514404
2010-08-09 21:00:00+00:00,8.52280044555664,7.930799961090088
2010-08-10 00:00:00+00:00,8.264800071716309,7.790999889373779
2010-08-10 03:00:00+00:00,8.118599891662598,7.472099781036377
2010-08-10 06:00:00+00:00,8.193099975585938,7.611999988555908
2010-08-10 09:00:00+00:00,8.455699920654297,8.105500221252441
2010-08-10 12:00:00+00:00,8.597100257873535,8.486000061035156
2010-08-10 15:00:00+00:00,8.646100044250488,8.646300315856934
2010-08-10 18:00:00+00:00,8.635299682617188,8.72070026397705
2010-08-10 21:00:00+00:00,8.608599662780762,8.724100112915039
2010-08-11 00:00:00+00:00,8.558300018310547,8.456100463867188
2010-08-11 03:00:00+00:00,8.439599990844727,8.273599624633789
2010-08-11 06:00:00+00:00,8.319600105285645,8.208399772644043
2010-08-11 09:00:00+00:00,8.17240047454834,8.136199951171875
2010-08-11 12:00:00+00:00,7.993299961090088,7.900100231170654
2010-08-11 15:00:00+00:00,8.065999984741211,7.946199893951416
2010-08-11 18:00:00+00:00,8.316300392150879,8.24590015411377
2010-08-11 21:00:00+00:00,8.587699890136719,8.568300247192383
2010-08-12 00:00:00+00:00,8.632100105285645,8.54170036315918
2010-08-12 03:00:00+00:00,8.913999557495117,8.650699615478516
2010-08-12 06:00:00+00:00,9.250699996948242,8.950799942016602
2010-08-12 09:00:00+00:00,9.321900367736816,9.158599853515625
2010-08-12 12:00:00+00:00,9.235699653625488,9.167200088500977
2010-08-12 15:00:00+00:00,9.198399543762207,9.112899780273438
2010-08-12 18:00:00+00:00,9.199399948120117,8.9197998046875
2010-08-12 21:00:00+00:00,9.214799880981445,8.825900077819824
2010-08-13 00:00:00+00:00,9.187999725341797,8.493599891662598
2010-08-13 03:00:00+00:00,8.938899993896484,8.357600212097168
2010-08-13 06:00:00+00:00,8.725500106811523,8.315400123596191
2010-08-13 09:00:00+00:00,8.731900215148926,8.591300010681152
2010-08-13 12:00:00+00:00,8.849599838256836,8.733799934387207
2010-08-13 15:00:00+00:00,8.979599952697754,8.95259952545166
2010-08-13 18:00:00+00:00,9.060999870300293,9.099599838256836
2010-08-13 21:00:00+00:00,9.078800201416016,9.078800201416016
2010-08-14 00:00:00+00:00,8.389699935913086,8.938899993896484
2010-08-14 03:00:00+00:00,8.297300338745117,9.123900413513184
2010-08-14 06:00:00+00:00,8.387399673461914,9.154999732971191
2010-08-14 09:00:00+00:00,8.46619987487793,9.152999877929688
2010-08-14 12:00:00+00:00,8.56190013885498,9.189900398254395
2010-08-14 15:00:00+00:00,8.71030044555664,9.255499839782715
2010-08-14 18:00:00+00:00,8.829899787902832,9.277400016784668
2010-08-14 21:00:00+00:00,8.89799976348877,9.299300193786621
2010-08-15 00:00:00+00:00,8.95460033416748,9.349499702453613
2010-08-15 03:00:00+00:00,9.053199768066406,9.42300033569336
2010-08-15 06:00:00+00:00,9.206999778747559,9.6072998046875
2010-08-15 09:00:00+00:00,9.366900444030762,9.744500160217285
2010-08-15 12:00:00+00:00,9.447699546813965,9.90410041809082
2010-08-15 15:00:00+00:00,9.40839958190918,10.044099807739258
2010-08-15 18:00:00+00:00,9.349599838256836,10.180800437927246
2010-08-15 21:00:00+00:00,9.42199993133545,10.327300071716309
2010-08-16 00:00:00+00:00,9.614800453186035,10.479000091552734
2010-08-16 03:00:00+00:00,9.881699562072754,10.630399703979492
2010-08-16 06:00:00+00:00,10.135100364685059,10.723699569702148
2010-08-16 09:00:00+00:00,10.306500434875488,10.742300033569336
2010-08-16 12:00:00+00:00,10.376199722290039,10.712200164794922
2010-08-16 15:00:00+00:00,10.379500389099121,10.709600448608398
2010-08-16 18:00:00+00:00,10.41450023651123,10.798700332641602
2010-08-16 21:00:00+00:00,10.55210018157959,10.82699966430664
2010-08-17 00:00:00+00:00,9.910499572753906,9.822500228881836
2010-08-17 03:00:00+00:00,9.168499946594238,10.053199768066406
2010-08-17 06:00:00+00:00,9.462800025939941,10.424799919128418
2010-08-17 09:00:00+00:00,9.905699729919434,10.80370044708252
2010-08-17 12:00:00+00:00,10.195699691772461,10.730199813842773
2010-08-17 15:00:00+00:00,9.795000076293945,10.675399780273438
2010-08-17 18:00:00+00:00,8.58899974822998,9.949600219726562
2010-08-17 21:00:00+00:00,8.156399726867676,8.831999778747559
2010-08-18 00:00:00+00:00,8.198100090026855,8.655500411987305
2010-08-18 03:00:00+00:00,8.382200241088867,8.804300308227539
2010-08-18 06:00:00+00:00,8.597299575805664,8.9552001953125
2010-08-18 09:00:00+00:00,8.765299797058105,9.02750015258789
2010-08-18 12:00:00+00:00,8.839500427246094,9.04580020904541
2010-08-18 15:00:00+00:00,8.77280044555664,9.050999641418457
2010-08-18 18:00:00+00:00,8.688899993896484,9.089099884033203
2010-08-18 21:00:00+00:00,8.699600219726562,9.170599937438965
2010-08-19 00:00:00+00:00,8.811100006103516,9.274499893188477
2010-08-19 03:00:00+00:00,8.968899726867676,9.327400207519531
2010-08-19 06:00:00+00:00,9.116399765014648,9.359600067138672
2010-08-19 09:00:00+00:00,9.186400413513184,9.422800064086914
2010-08-19 12:00:00+00:00,9.178799629211426,9.422499656677246
2010-08-19 15:00:00+00:00,9.094900131225586,9.353599548339844
2010-08-19 18:00:00+00:00,8.687899589538574,8.775199890136719
2010-08-19 21:00:00+00:00,8.416600227355957,7.990600109100342
2010-08-20 00:00:00+00:00,7.704999923706055,7.605299949645996
2010-08-20 03:00:00+00:00,7.676199913024902,7.3734002113342285
2010-08-20 06:00:00+00:00,7.886099815368652,7.6230998039245605
2010-08-20 09:00:00+00:00,8.097900390625,7.7947001457214355
2010-08-20 12:00:00+00:00,8.364100456237793,8.001700401306152
2010-08-20 15:00:00+00:00,8.933300018310547,8.456999778747559
2010-08-20 18:00:00+00:00,9.243599891662598,8.64109992980957
2010-08-20 21:00:00+00:00,9.228500366210938,8.411499977111816
2010-08-21 00:00:00+00:00,8.575499534606934,8.36400032043457
2010-08-21 03:00:00+00:00,8.488300323486328,8.311800003051758
2010-08-21 06:00:00+00:00,8.447699546813965,8.293899536132812
2010-08-21 09:00:00+00:00,8.85159969329834,8.654899597167969
2010-08-21 12:00:00+00:00,9.219200134277344,9.15779972076416
2010-08-21 15:00:00+00:00,9.729900360107422,9.886099815368652
2010-08-21 18:00:00+00:00,10.292799949645996,10.570799827575684
2010-08-21 21:00:00+00:00,10.740900039672852,11.022100448608398
2010-08-22 00:00:00+00:00,10.972200393676758,11.129400253295898
2010-08-22 03:00:00+00:00,11.02280044555664,11.149999618530273
2010-08-22 06:00:00+00:00,11.015899658203125,11.181900024414062
2010-08-22 09:00:00+00:00,11.068099975585938,11.407099723815918
2010-08-22 12:00:00+00:00,11.159199714660645,11.6225004196167
2010-08-22 15:00:00+00:00,11.229499816894531,11.782699584960938
2010-08-22 18:00:00+00:00,11.23169994354248,11.876099586486816
2010-08-22 21:00:00+00:00,11.270899772644043,11.938699722290039
2010-08-23 00:00:00+00:00,11.282899856567383,11.932000160217285
2010-08-23 03:00:00+00:00,11.293100357055664,11.71030044555664
2010-08-23 06:00:00+00:00,11.23449993133545,11.510299682617188
2010-08-23 09:00:00+00:00,11.128999710083008,11.253600120544434
2010-08-23 12:00:00+00:00,11.01669979095459,10.621299743652344
2010-08-23 15:00:00+00:00,10.841500282287598,9.430100440979004
2010-08-23 18:00:00+00:00,10.330599784851074,8.48330020904541
2010-08-23 21:00:00+00:00,9.795299530029297,7.392000198364258
2010-08-24 00:00:00+00:00,7.578700065612793,7.003300189971924
2010-08-24 03:00:00+00:00,7.298999786376953,7.09499979019165
2010-08-24 06:00:00+00:00,7.263800144195557,7.277500152587891
2010-08-24 09:00:00+00:00,7.400000095367432,7.393599987030029
2010-08-24 12:00:00+00:00,7.801400184631348,7.639699935913086
2010-08-24 15:00:00+00:00,8.29889965057373,7.761000156402588
2010-08-24 18:00:00+00:00,8.637900352478027,8.086299896240234
2010-08-24 21:00:00+00:00,8.615300178527832,7.873300075531006
2010-08-25 00:00:00+00:00,7.605899810791016,8.044300079345703
2010-08-25 03:00:00+00:00,7.8109002113342285,8.364100456237793
2010-08-25 06:00:00+00:00,8.020999908447266,8.46660041809082
2010-08-25 09:00:00+00:00,8.23069953918457,8.449999809265137
2010-08-25 12:00:00+00:00,8.328800201416016,8.510600090026855
2010-08-25 15:00:00+00:00,8.411700248718262,8.576399803161621
2010-08-25 18:00:00+00:00,8.570899963378906,8.803899765014648
2010-08-25 21:00:00+00:00,8.27929973602295,8.512100219726562
2010-08-26 00:00:00+00:00,7.8196001052856445,8.300299644470215
2010-08-26 03:00:00+00:00,7.808300018310547,8.279000282287598
2010-08-26 06:00:00+00:00,7.651299953460693,8.327799797058105
2010-08-26 09:00:00+00:00,7.966700077056885,8.984100341796875
2010-08-26 12:00:00+00:00,8.14840030670166,9.51729965209961
2010-08-26 15:00:00+00:00,8.41409969329834,9.682900428771973
2010-08-26 18:00:00+00:00,8.585000038146973,9.780799865722656
2010-08-26 21:00:00+00:00,8.706199645996094,10.04990005493164
2010-08-27 00:00:00+00:00,8.765600204467773,9.754599571228027
2010-08-27 03:00:00+00:00,8.773099899291992,9.862000465393066
2010-08-27 06:00:00+00:00,8.63129997253418,9.410200119018555
2010-08-27 09:00:00+00:00,8.483499526977539,9.32129955291748
2010-08-27 12:00:00+00:00,8.27280044555664,8.928099632263184
2010-08-27 15:00:00+00:00,8.234100341796875,8.884900093078613
2010-08-27 18:00:00+00:00,8.296600341796875,8.978099822998047
2010-08-27 21:00:00+00:00,8.384300231933594,9.157899856567383
2010-08-28 00:00:00+00:00,7.929299831390381,8.66819953918457
2010-08-28 03:00:00+00:00,7.537199974060059,8.593700408935547
2010-08-28 06:00:00+00:00,7.190199851989746,8.25529956817627
2010-08-28 09:00:00+00:00,7.125400066375732,8.049699783325195
2010-08-28 12:00:00+00:00,6.9344000816345215,7.594200134277344
2010-08-28 15:00:00+00:00,7.10230016708374,7.599299907684326
2010-08-28 18:00:00+00:00,6.878399848937988,7.329100131988525
2010-08-28 21:00:00+00:00,6.625,7.278900146484375
2010-08-29 00:00:00+00:00,6.455999851226807,7.178800106048584
2010-08-29 03:00:00+00:00,6.877600193023682,7.729800224304199
2010-08-29 06:00:00+00:00,7.143799781799316,7.622499942779541
2010-08-29 09:00:00+00:00,7.707499980926514,8.22599983215332
2010-08-29 12:00:00+00:00,7.985000133514404,8.50529956817627
2010-08-29 15:00:00+00:00,8.107399940490723,8.765999794006348
2010-08-29 18:00:00+00:00,8.176400184631348,8.904999732971191
2010-08-29 21:00:00+00:00,8.219599723815918,8.931300163269043
2010-08-30 00:00:00+00:00,8.20580005645752,8.916099548339844
2010-08-30 03:00:00+00:00,8.150500297546387,8.91569995880127
2010-08-30 06:00:00+00:00,8.11460018157959,8.894200325012207
2010-08-30 09:00:00+00:00,8.107600212097168,7.950399875640869
2010-08-30 12:00:00+00:00,8.081000328063965,6.926400184631348
2010-08-30 15:00:00+00:00,7.731500148773193,7.586100101470947
2010-08-30 18:00:00+00:00,7.633399963378906,7.978400230407715
2010-08-30 21:00:00+00:00,7.84119987487793,8.245499610900879
2010-08-31 00:00:00+00:00,8.130200386047363,8.621199607849121
2010-08-31 03:00:00+00:00,8.321000099182129,8.935600280761719
2010-08-31 06:00:00+00:00,8.648099899291992,9.098400115966797
2010-08-31 09:00:00+00:00,8.851099967956543,9.249699592590332
2010-08-31 12:00:00+00:00,8.935600280761719,9.316100120544434
2010-08-31 15:00:00+00:00,8.942899703979492,9.321100234985352
2010-08-31 18:00:00+00:00,8.769399642944336,9.294500350952148
2010-08-31 21:00:00+00:00,7.920899868011475,9.244799613952637
2010-09-01 00:00:00+00:00,6.990200042724609,8.736000061035156
2010-09-01 03:00:00+00:00,7.480100154876709,8.52970027923584
2010-09-01 06:00:00+00:00,7.914599895477295,8.737899780273438
2010-09-01 09:00:00+00:00,8.163000106811523,8.977800369262695
2010-09-01 12:00:00+00:00,8.25730037689209,9.068900108337402
2010-09-01 15:00:00+00:00,8.562800407409668,9.2322998046875
2010-09-01 18:00:00+00:00,8.962400436401367,9.35890007019043
2010-09-01 21:00:00+00:00,9.192000389099121,9.509900093078613
2010-09-02 00:00:00+00:00,9.326000213623047,9.548399925231934
2010-09-02 03:00:00+00:00,9.364500045776367,9.07699966430664
2010-09-02 06:00:00+00:00,9.226099967956543,8.331500053405762
2010-09-02 09:00:00+00:00,9.033599853515625,8.12090015411377
2010-09-02 12:00:00+00:00,8.737899780273438,7.820799827575684
2010-09-02 15:00:00+00:00,8.592000007629395,7.631800174713135
2010-09-02 18:00:00+00:00,8.513699531555176,7.514999866485596
2010-09-02 21:00:00+00:00,8.522600173950195,7.580900192260742
2010-09-03 00:00:00+00:00,8.190799713134766,7.69290018081665
2010-09-03 03:00:00+00:00,7.892399787902832,7.876999855041504
2010-09-03 06:00:00+00:00,8.15839958190918,8.387700080871582
2010-09-03 09:00:00+00:00,8.578900337219238,8.723799705505371
2010-09-03 12:00:00+00:00,8.910400390625,8.724499702453613
2010-09-03 15:00:00+00:00,8.98449993133545,8.980799674987793
2010-09-03 18:00:00+00:00,9.019100189208984,9.059599876403809
2010-09-03 21:00:00+00:00,8.902899742126465,8.50510025024414
2010-09-04 00:00:00+00:00,8.022600173950195,7.811699867248535
2010-09-04 03:00:00+00:00,7.912199974060059,7.737500190734863
2010-09-04 06:00:00+00:00,7.820899963378906,7.643799781799316
2010-09-04 09:00:00+00:00,8.118599891662598,8.179100036621094
2010-09-04 12:00:00+00:00,8.04990005493164,8.277999877929688
2010-09-04 15:00:00+00:00,7.664400100708008,7.918399810791016
2010-09-04 18:00:00+00:00,7.215099811553955,7.1442999839782715
2010-09-04 21:00:00+00:00,7.334400177001953,7.234600067138672
2010-09-05 00:00:00+00:00,7.05810022354126,7.073200225830078
2010-09-05 03:00:00+00:00,7.303500175476074,7.019499778747559
2010-09-05 06:00:00+00:00,7.4791998863220215,7.052700042724609
2010-09-05 09:00:00+00:00,7.468400001525879,7.082099914550781
2010-09-05 12:00:00+00:00,7.222599983215332,6.948699951171875
2010-09-05 15:00:00+00:00,7.294400215148926,7.195499897003174
2010-09-05 18:00:00+00:00,7.3018999099731445,7.038400173187256
2010-09-05 21:00:00+00:00,7.25,6.7256999015808105
2010-09-06 00:00:00+00:00,6.88700008392334,6.285200119018555
2010-09-06 03:00:00+00:00,6.93310022354126,6.364099979400635
2010-09-06 06:00:00+00:00,7.051000118255615,6.244999885559082
2010-09-06 09:00:00+00:00,7.303599834442139,6.5183000564575195
2010-09-06 12:00:00+00:00,7.458199977874756,6.79610013961792
2010-09-06 15:00:00+00:00,7.5366997718811035,7.195400238037109
2010-09-06 18:00:00+00:00,7.6244001388549805,7.557300090789795
2010-09-06 21:00:00+00:00,7.800600051879883,7.759300231933594
2010-09-07 00:00:00+00:00,8.136899948120117,8.111200332641602
2010-09-07 03:00:00+00:00,8.704400062561035,8.864299774169922
2010-09-07 06:00:00+00:00,9.385000228881836,9.434000015258789
2010-09-07 09:00:00+00:00,9.860400199890137,9.74940013885498
2010-09-07 12:00:00+00:00,10.056099891662598,9.833000183105469
2010-09-07 15:00:00+00:00,10.045599937438965,9.913100242614746
2010-09-07 18:00:00+00:00,9.991299629211426,9.934499740600586
2010-09-07 21:00:00+00:00,9.932000160217285,9.8996000289917
2010-09-08 00:00:00+00:00,9.861100196838379,9.821800231933594
2010-09-08 03:00:00+00:00,9.751299858093262,9.669500350952148
2010-09-08 06:00:00+00:00,9.554400444030762,9.279199600219727
2010-09-08 09:00:00+00:00,9.300299644470215,9.000699996948242
2010-09-08 12:00:00+00:00,9.065199851989746,8.834199905395508
2010-09-08 15:00:00+00:00,8.915200233459473,8.784299850463867
2010-09-08 18:00:00+00:00,8.748200416564941,8.687800407409668
2010-09-08 21:00:00+00:00,8.64050006866455,8.673100471496582
2010-09-09 00:00:00+00:00,8.630499839782715,8.655799865722656
2010-09-09 03:00:00+00:00,8.624899864196777,8.72920036315918
2010-09-09 06:00:00+00:00,8.56820011138916,8.66469955444336
2010-09-09 09:00:00+00:00,8.508399963378906,8.616299629211426
2010-09-09 12:00:00+00:00,8.461299896240234,8.564000129699707
2010-09-09 15:00:00+00:00,8.468199729919434,8.616600036621094
2010-09-09 18:00:00+00:00,8.483099937438965,8.651200294494629
2010-09-09 21:00:00+00:00,8.463600158691406,8.64840030670166
2010-09-10 00:00:00+00:00,8.422300338745117,8.622599601745605
2010-09-10 03:00:00+00:00,8.383299827575684,8.598299980163574
2010-09-10 06:00:00+00:00,8.401700019836426,8.60830020904541
2010-09-10 09:00:00+00:00,8.459500312805176,8.679499626159668
2010-09-10 12:00:00+00:00,8.560999870300293,8.822999954223633
2010-09-10 15:00:00+00:00,8.73289966583252,9.01710033416748
2010-09-10 18:00:00+00:00,8.936599731445312,9.18019962310791
2010-09-10 21:00:00+00:00,9.083100318908691,9.25529956817627
2010-09-11 00:00:00+00:00,8.990300178527832,9.066399574279785
2010-09-11 03:00:00+00:00,8.702099800109863,8.135499954223633
2010-09-11 06:00:00+00:00,8.52299976348877,7.644599914550781
2010-09-11 09:00:00+00:00,8.567700386047363,7.666399955749512
2010-09-11 12:00:00+00:00,8.63029956817627,7.644999980926514
2010-09-11 15:00:00+00:00,8.714099884033203,7.657700061798096
2010-09-11 18:00:00+00:00,8.791299819946289,7.871699810028076
2010-09-11 21:00:00+00:00,8.810199737548828,8.043999671936035
2010-09-12 00:00:00+00:00,8.335100173950195,7.483399868011475
2010-09-12 03:00:00+00:00,8.048600196838379,7.0630998611450195
2010-09-12 06:00:00+00:00,8.362099647521973,7.491799831390381
2010-09-12 09:00:00+00:00,8.619000434875488,8.151399612426758
2010-09-12 12:00:00+00:00,8.689900398254395,8.560099601745605
2010-09-12 15:00:00+00:00,8.66100025177002,8.711899757385254
2010-09-12 18:00:00+00:00,8.597200393676758,8.971400260925293
2010-09-12 21:00:00+00:00,8.557999610900879,8.901300430297852
2010-09-13 00:00:00+00:00,8.500100135803223,8.323399543762207
2010-09-13 03:00:00+00:00,8.302800178527832,8.190600395202637
2010-09-13 06:00:00+00:00,8.263899803161621,8.411999702453613
2010-09-13 09:00:00+00:00,8.300800323486328,8.707799911499023
2010-09-13 12:00:00+00:00,8.24470043182373,8.823699951171875
2010-09-13 15:00:00+00:00,8.137999534606934,8.897700309753418
2010-09-13 18:00:00+00:00,8.285699844360352,9.276399612426758
2010-09-13 21:00:00+00:00,8.40149974822998,9.611300468444824
2010-09-14 00:00:00+00:00,7.993500232696533,9.390399932861328
2010-09-14 03:00:00+00:00,7.7621002197265625,9.438599586486816
2010-09-14 06:00:00+00:00,7.9832000732421875,9.779800415039062
2010-09-14 09:00:00+00:00,8.252699851989746,10.12030029296875
2010-09-14 12:00:00+00:00,8.486599922180176,10.362000465393066
2010-09-14 15:00:00+00:00,8.712699890136719,10.54520034790039
2010-09-14 18:00:00+00:00,9.001999855041504,10.777299880981445
2010-09-14 21:00:00+00:00,9.355400085449219,10.977999687194824
2010-09-15 00:00:00+00:00,9.607999801635742,11.034000396728516
2010-09-15 03:00:00+00:00,9.711400032043457,10.969200134277344
2010-09-15 06:00:00+00:00,9.643699645996094,10.8572998046875
2010-09-15 09:00:00+00:00,9.537300109863281,10.766799926757812
2010-09-15 12:00:00+00:00,9.403200149536133,9.77340030670166
2010-09-15 15:00:00+00:00,8.459600448608398,8.31190013885498
2010-09-15 18:00:00+00:00,8.01550006866455,7.948200225830078
2010-09-15 21:00:00+00:00,8.458499908447266,7.648900032043457
2010-09-16 00:00:00+00:00,8.143199920654297,7.830900192260742
2010-09-16 03:00:00+00:00,8.037400245666504,7.855999946594238
2010-09-16 06:00:00+00:00,8.209099769592285,7.820400238037109
2010-09-16 09:00:00+00:00,8.555399894714355,7.86460018157959
2010-09-16 12:00:00+00:00,8.620499610900879,7.870100021362305
2010-09-16 15:00:00+00:00,9.023900032043457,8.139399528503418
2010-09-16 18:00:00+00:00,8.98840045928955,8.385600090026855
2010-09-16 21:00:00+00:00,8.610300064086914,9.173700332641602
2010-09-17 00:00:00+00:00,8.972800254821777,9.825499534606934
2010-09-17 03:00:00+00:00,9.335700035095215,10.249199867248535
2010-09-17 06:00:00+00:00,9.782999992370605,10.657899856567383
2010-09-17 09:00:00+00:00,10.161499977111816,11.062100410461426
2010-09-17 12:00:00+00:00,10.552499771118164,11.419099807739258
2010-09-17 15:00:00+00:00,10.887800216674805,11.63129997253418
2010-09-17 18:00:00+00:00,11.105500221252441,11.57979965209961
2010-09-17 21:00:00+00:00,11.21049976348877,10.689900398254395
2010-09-18 00:00:00+00:00,10.78339958190918,9.079000473022461
2010-09-18 03:00:00+00:00,9.298299789428711,8.84179973602295
2010-09-18 06:00:00+00:00,8.871700286865234,9.054699897766113
2010-09-18 09:00:00+00:00,9.111599922180176,9.469599723815918
2010-09-18 12:00:00+00:00,9.444199562072754,10.157099723815918
2010-09-18 15:00:00+00:00,9.899399757385254,10.933099746704102
2010-09-18 18:00:00+00:00,10.258899688720703,11.299300193786621
2010-09-18 21:00:00+00:00,10.547599792480469,8.770099639892578
2010-09-19 00:00:00+00:00,9.950699806213379,7.809199810028076
2010-09-19 03:00:00+00:00,8.060500144958496,8.123200416564941
2010-09-19 06:00:00+00:00,8.206199645996094,8.339599609375
2010-09-19 09:00:00+00:00,8.602399826049805,8.7391996383667
2010-09-19 12:00:00+00:00,8.566900253295898,9.246999740600586
2010-09-19 15:00:00+00:00,8.859700202941895,9.910499572753906
2010-09-19 18:00:00+00:00,8.882399559020996,9.678899765014648
2010-09-19 21:00:00+00:00,8.550299644470215,8.862099647521973
2010-09-20 00:00:00+00:00,7.809100151062012,8.48270034790039
2010-09-20 03:00:00+00:00,7.791399955749512,8.700699806213379
2010-09-20 06:00:00+00:00,7.975200176239014,9.315099716186523
2010-09-20 09:00:00+00:00,8.256999969482422,9.719099998474121
2010-09-20 12:00:00+00:00,8.531599998474121,9.919500350952148
2010-09-20 15:00:00+00:00,8.958999633789062,10.067999839782715
2010-09-20 18:00:00+00:00,9.156000137329102,10.1697998046875
2010-09-20 21:00:00+00:00,9.273599624633789,10.209400177001953
2010-09-21 00:00:00+00:00,9.347399711608887,10.213399887084961
2010-09-21 03:00:00+00:00,9.377599716186523,10.190799713134766
2010-09-21 06:00:00+00:00,9.410900115966797,10.140800476074219
2010-09-21 09:00:00+00:00,9.49020004272461,10.105899810791016
2010-09-21 12:00:00+00:00,9.532299995422363,10.079899787902832
2010-09-21 15:00:00+00:00,9.525899887084961,10.06149959564209
2010-09-21 18:00:00+00:00,9.486499786376953,10.032699584960938
2010-09-21 21:00:00+00:00,9.441800117492676,9.996000289916992
2010-09-22 00:00:00+00:00,8.841899871826172,9.953900337219238
2010-09-22 03:00:00+00:00,8.238100051879883,9.932900428771973
2010-09-22 06:00:00+00:00,7.903600215911865,9.897299766540527
2010-09-22 09:00:00+00:00,8.156100273132324,9.83080005645752
2010-09-22 12:00:00+00:00,8.486499786376953,9.681900024414062
2010-09-22 15:00:00+00:00,8.779399871826172,9.549500465393066
2010-09-22 18:00:00+00:00,9.00879955291748,9.55150032043457
2010-09-22 21:00:00+00:00,9.148699760437012,9.64229965209961
2010-09-23 00:00:00+00:00,9.27180004119873,9.760600090026855
2010-09-23 03:00:00+00:00,9.46310043334961,9.880399703979492
2010-09-23 06:00:00+00:00,9.6697998046875,9.871600151062012
2010-09-23 09:00:00+00:00,8.959099769592285,8.574399948120117
2010-09-23 12:00:00+00:00,7.032899856567383,6.675000190734863
2010-09-23 15:00:00+00:00,6.6072001457214355,6.530799865722656
2010-09-23 18:00:00+00:00,6.772600173950195,7.059000015258789
2010-09-23 21:00:00+00:00,7.136300086975098,7.893099784851074
2010-09-24 00:00:00+00:00,8.057000160217285,8.988100051879883
2010-09-24 03:00:00+00:00,9.444299697875977,10.822099685668945
2010-09-24 06:00:00+00:00,11.321999549865723,12.17770004272461
2010-09-24 09:00:00+00:00,12.033300399780273,12.35990047454834
2010-09-24 12:00:00+00:00,12.048600196838379,12.258999824523926
2010-09-24 15:00:00+00:00,11.94219970703125,12.092100143432617
2010-09-24 18:00:00+00:00,11.725299835205078,11.825900077819824
2010-09-24 21:00:00+00:00,11.38659954071045,11.452500343322754
2010-09-25 00:00:00+00:00,10.865099906921387,10.900400161743164
2010-09-25 03:00:00+00:00,10.243000030517578,10.425399780273438
2010-09-25 06:00:00+00:00,10.082099914550781,10.266200065612793
2010-09-25 09:00:00+00:00,10.179100036621094,10.33430004119873
2010-09-25 12:00:00+00:00,10.586999893188477,10.732500076293945
2010-09-25 15:00:00+00:00,11.017499923706055,11.119199752807617
2010-09-25 18:00:00+00:00,11.193900108337402,11.285300254821777
2010-09-25 21:00:00+00:00,11.25,11.369199752807617
2010-09-26 00:00:00+00:00,11.308600425720215,11.462200164794922
2010-09-26 03:00:00+00:00,11.414299964904785,11.613900184631348
2010-09-26 06:00:00+00:00,11.508199691772461,11.884400367736816
2010-09-26 09:00:00+00:00,11.936699867248535,12.34000015258789
2010-09-26 12:00:00+00:00,12.28689956665039,12.537500381469727
2010-09-26 15:00:00+00:00,12.276200294494629,12.573800086975098
2010-09-26 18:00:00+00:00,12.063400268554688,12.368300437927246
2010-09-26 21:00:00+00:00,12.1850004196167,12.239899635314941
2010-09-27 00:00:00+00:00,12.110600471496582,12.02079963684082
2010-09-27 03:00:00+00:00,11.99120044708252,12.224300384521484
2010-09-27 06:00:00+00:00,11.921600341796875,12.185099601745605
2010-09-27 09:00:00+00:00,11.84589958190918,12.095100402832031
2010-09-27 12:00:00+00:00,11.635499954223633,11.866100311279297
2010-09-27 15:00:00+00:00,11.330900192260742,11.518400192260742
2010-09-27 18:00:00+00:00,10.963000297546387,11.173399925231934
2010-09-27 21:00:00+00:00,10.67870044708252,10.940199851989746
2010-09-28 00:00:00+00:00,10.56659984588623,10.898200035095215
2010-09-28 03:00:00+00:00,10.726300239562988,11.16349983215332
2010-09-28 06:00:00+00:00,11.368200302124023,12.094300270080566
2010-09-28 09:00:00+00:00,12.62559986114502,13.405200004577637
2010-09-28 12:00:00+00:00,13.55720043182373,13.99779987335205
2010-09-28 15:00:00+00:00,13.744600296020508,13.951499938964844
2010-09-28 18:00:00+00:00,13.520099639892578,13.625300407409668
2010-09-28 21:00:00+00:00,13.13070011138916,13.200200080871582
2010-09-29 00:00:00+00:00,12.688799858093262,12.42490005493164
2010-09-29 03:00:00+00:00,11.687899589538574,10.630200386047363
2010-09-29 06:00:00+00:00,10.980899810791016,9.948699951171875
2010-09-29 09:00:00+00:00,10.678600311279297,9.6427001953125
2010-09-29 12:00:00+00:00,10.60569953918457,9.533499717712402
2010-09-29 15:00:00+00:00,10.674699783325195,9.59570026397705
2010-09-29 18:00:00+00:00,10.719400405883789,9.741399765014648
2010-09-29 21:00:00+00:00,10.72659969329834,9.566100120544434
2010-09-30 00:00:00+00:00,9.947799682617188,9.047100067138672
2010-09-30 03:00:00+00:00,9.530699729919434,9.202500343322754
2010-09-30 06:00:00+00:00,10.674599647521973,10.116900444030762
2010-09-30 09:00:00+00:00,11.476799964904785,10.477399826049805
2010-09-30 12:00:00+00:00,10.974800109863281,10.30270004272461
2010-09-30 15:00:00+00:00,11.727100372314453,11.38599967956543
2010-09-30 18:00:00+00:00,13.229499816894531,12.902899742126465
2010-09-30 21:00:00+00:00,13.61709976196289,13.27810001373291
2010-10-01 00:00:00+00:00,13.436800003051758,13.23449993133545
2010-10-01 03:00:00+00:00,13.653499603271484,13.582500457763672
2010-10-01 06:00:00+00:00,14.007200241088867,13.528499603271484
2010-10-01 09:00:00+00:00,13.626700401306152,12.642999649047852
2010-10-01 12:00:00+00:00,12.558899879455566,13.268699645996094
2010-10-01 15:00:00+00:00,12.379300117492676,13.604000091552734
2010-10-01 18:00:00+00:00,12.819000244140625,13.603599548339844
2010-10-01 21:00:00+00:00,13.167200088500977,13.584099769592285
2010-10-02 00:00:00+00:00,13.305100440979004,13.55109977722168
2010-10-02 03:00:00+00:00,13.284500122070312,13.437999725341797
2010-10-02 06:00:00+00:00,13.129400253295898,13.229999542236328
2010-10-02 09:00:00+00:00,12.980999946594238,13.03279972076416
2010-10-02 12:00:00+00:00,12.970199584960938,12.787099838256836
2010-10-02 15:00:00+00:00,12.865699768066406,12.140000343322754
2010-10-02 18:00:00+00:00,12.55679988861084,11.561699867248535
2010-10-02 21:00:00+00:00,12.162199974060059,11.36139965057373
2010-10-03 00:00:00+00:00,11.32390022277832,11.200400352478027
2010-10-03 03:00:00+00:00,11.389100074768066,11.54010009765625
2010-10-03 06:00:00+00:00,12.168499946594238,12.535300254821777
2010-10-03 09:00:00+00:00,13.002099990844727,13.20199966430664
2010-10-03 12:00:00+00:00,13.250100135803223,13.333399772644043
2010-10-03 15:00:00+00:00,13.19379997253418,13.24120044708252
2010-10-03 18:00:00+00:00,12.996399879455566,13.049500465393066
2010-10-03 21:00:00+00:00,12.736800193786621,12.81089973449707
2010-10-04 00:00:00+00:00,12.465999603271484,12.558799743652344
2010-10-04 03:00:00+00:00,12.214900016784668,12.311599731445312
2010-10-04 06:00:00+00:00,12.009400367736816,12.10159969329834
2010-10-04 09:00:00+00:00,11.88700008392334,11.981900215148926
2010-10-04 12:00:00+00:00,11.825599670410156,11.916399955749512
2010-10-04 15:00:00+00:00,11.773599624633789,11.86240005493164
2010-10-04 18:00:00+00:00,11.730899810791016,11.800600051879883
2010-10-04 21:00:00+00:00,11.654899597167969,11.408599853515625
2010-10-05 00:00:00+00:00,10.862199783325195,9.716899871826172
2010-10-05 03:00:00+00:00,9.679300308227539,9.211899757385254
2010-10-05 06:00:00+00:00,9.46720027923584,9.02910041809082
2010-10-05 09:00:00+00:00,9.706999778747559,9.105799674987793
2010-10-05 12:00:00+00:00,9.672699928283691,8.87279987335205
2010-10-05 15:00:00+00:00,9.512499809265137,8.582599639892578
2010-10-05 18:00:00+00:00,9.308199882507324,8.313599586486816
2010-10-05 21:00:00+00:00,9.112799644470215,8.029999732971191
2010-10-06 00:00:00+00:00,8.261099815368652,7.646999835968018
2010-10-06 03:00:00+00:00,7.806300163269043,7.507599830627441
2010-10-06 06:00:00+00:00,7.928199768066406,7.609099864959717
2010-10-06 09:00:00+00:00,8.600199699401855,7.962699890136719
2010-10-06 12:00:00+00:00,9.421500205993652,8.701899528503418
2010-10-06 15:00:00+00:00,10.04319953918457,9.559200286865234
2010-10-06 18:00:00+00:00,10.43239974975586,10.096099853515625
2010-10-06 21:00:00+00:00,10.574799537658691,10.292499542236328
2010-10-07 00:00:00+00:00,10.65369987487793,10.447099685668945
2010-10-07 03:00:00+00:00,10.909000396728516,10.415399551391602
2010-10-07 06:00:00+00:00,11.023900032043457,8.943699836730957
2010-10-07 09:00:00+00:00,10.983400344848633,8.696800231933594
2010-10-07 12:00:00+00:00,9.471400260925293,8.544599533081055
2010-10-07 15:00:00+00:00,8.799099922180176,8.521599769592285
2010-10-07 18:00:00+00:00,8.542699813842773,8.215900421142578
2010-10-07 21:00:00+00:00,8.727700233459473,8.164400100708008
2010-10-08 00:00:00+00:00,8.540800094604492,7.861599922180176
2010-10-08 03:00:00+00:00,8.647299766540527,7.939799785614014
2010-10-08 06:00:00+00:00,8.486900329589844,7.5954999923706055
2010-10-08 09:00:00+00:00,7.833099842071533,7.302700042724609
2010-10-08 12:00:00+00:00,7.656899929046631,7.286799907684326
2010-10-08 15:00:00+00:00,7.850900173187256,7.275199890136719
2010-10-08 18:00:00+00:00,7.733799934387207,7.076499938964844
2010-10-08 21:00:00+00:00,7.8308000564575195,7.162199974060059
2010-10-09 00:00:00+00:00,7.666299819946289,7.295599937438965
2010-10-09 03:00:00+00:00,7.99370002746582,7.481100082397461
2010-10-09 06:00:00+00:00,8.079700469970703,7.681600093841553
2010-10-09 09:00:00+00:00,8.824199676513672,8.076299667358398
2010-10-09 12:00:00+00:00,9.04800033569336,8.154500007629395
2010-10-09 15:00:00+00:00,9.14739990234375,8.130599975585938
2010-10-09 18:00:00+00:00,9.004500389099121,8.580100059509277
2010-10-09 21:00:00+00:00,9.826499938964844,9.279899597167969
2010-10-10 00:00:00+00:00,9.590200424194336,9.2322998046875
2010-10-10 03:00:00+00:00,9.73069953918457,9.351799964904785
2010-10-10 06:00:00+00:00,9.6850004196167,9.33430004119873
2010-10-10 09:00:00+00:00,9.810099601745605,9.487899780273438
2010-10-10 12:00:00+00:00,10.149900436401367,10.133700370788574
2010-10-10 15:00:00+00:00,10.523300170898438,10.588299751281738
2010-10-10 18:00:00+00:00,10.883600234985352,10.967599868774414
2010-10-10 21:00:00+00:00,11.070500373840332,11.104900360107422
2010-10-11 00:00:00+00:00,11.085000038146973,11.065799713134766
2010-10-11 03:00:00+00:00,11.083200454711914,11.028200149536133
2010-10-11 06:00:00+00:00,11.049699783325195,11.002799987792969
2010-10-11 09:00:00+00:00,10.960100173950195,10.970000267028809
2010-10-11 12:00:00+00:00,10.854299545288086,10.875100135803223
2010-10-11 15:00:00+00:00,10.762700080871582,10.790200233459473
2010-10-11 18:00:00+00:00,10.701399803161621,10.736900329589844
2010-10-11 21:00:00+00:00,10.679699897766113,10.726099967956543
2010-10-12 00:00:00+00:00,10.649399757385254,10.49489974975586
2010-10-12 03:00:00+00:00,10.590499877929688,9.611100196838379
2010-10-12 06:00:00+00:00,10.535699844360352,9.195599555969238
2010-10-12 09:00:00+00:00,10.162199974060059,9.066100120544434
2010-10-12 12:00:00+00:00,10.353099822998047,9.21969985961914
2010-10-12 15:00:00+00:00,10.543700218200684,9.75510025024414
2010-10-12 18:00:00+00:00,10.657699584960938,10.044300079345703
2010-10-12 21:00:00+00:00,10.691900253295898,10.152400016784668
2010-10-13 00:00:00+00:00,10.682100296020508,9.81190013885498
2010-10-13 03:00:00+00:00,10.585700035095215,9.214400291442871
2010-10-13 06:00:00+00:00,10.4443998336792,9.422800064086914
2010-10-13 09:00:00+00:00,10.470600128173828,9.655400276184082
2010-10-13 12:00:00+00:00,10.957900047302246,10.594799995422363
2010-10-13 15:00:00+00:00,11.515899658203125,11.420000076293945
2010-10-13 18:00:00+00:00,11.680500030517578,11.695899963378906
2010-10-13 21:00:00+00:00,11.59119987487793,11.668700218200684
2010-10-14 00:00:00+00:00,11.447099685668945,11.564299583435059
2010-10-14 03:00:00+00:00,11.330699920654297,11.47819995880127
2010-10-14 06:00:00+00:00,11.238699913024902,11.428999900817871
2010-10-14 09:00:00+00:00,11.168299674987793,11.420499801635742
2010-10-14 12:00:00+00:00,11.190199851989746,11.46500015258789
2010-10-14 15:00:00+00:00,11.18970012664795,11.336000442504883
2010-10-14 18:00:00+00:00,10.982799530029297,11.061300277709961
2010-10-14 21:00:00+00:00,10.740599632263184,10.87969970703125
2010-10-15 00:00:00+00:00,10.561599731445312,10.19789981842041
2010-10-15 03:00:00+00:00,9.93340015411377,9.352700233459473
2010-10-15 06:00:00+00:00,9.691200256347656,9.204999923706055
2010-10-15 09:00:00+00:00,10.057000160217285,9.666000366210938
2010-10-15 12:00:00+00:00,10.202400207519531,9.65999984741211
2010-10-15 15:00:00+00:00,10.137100219726562,9.371100425720215
2010-10-15 18:00:00+00:00,9.88230037689209,8.777199745178223
2010-10-15 21:00:00+00:00,9.529600143432617,8.382599830627441
2010-10-16 00:00:00+00:00,8.827500343322754,7.97599983215332
2010-10-16 03:00:00+00:00,8.17080020904541,7.849999904632568
2010-10-16 06:00:00+00:00,8.123600006103516,8.071499824523926
2010-10-16 09:00:00+00:00,8.423600196838379,8.428899765014648
2010-10-16 12:00:00+00:00,8.781599998474121,8.754300117492676
2010-10-16 15:00:00+00:00,8.9753999710083,8.632399559020996
2010-10-16 18:00:00+00:00,9.003600120544434,8.548800468444824
2010-10-16 21:00:00+00:00,8.99489974975586,8.584600448608398
2010-10-17 00:00:00+00:00,8.532500267028809,8.284700393676758
2010-10-17 03:00:00+00:00,8.207200050354004,8.065299987792969
2010-10-17 06:00:00+00:00,8.19159984588623,8.138199806213379
2010-10-17 09:00:00+00:00,8.147600173950195,8.019100189208984
2010-10-17 12:00:00+00:00,8.293999671936035,8.066300392150879
2010-10-17 15:00:00+00:00,8.461000442504883,8.191300392150879
2010-10-17 18:00:00+00:00,8.858400344848633,8.685199737548828
2010-10-17 21:00:00+00:00,9.22070026397705,8.792400360107422
2010-10-18 00:00:00+00:00,8.781700134277344,8.1427001953125
2010-10-18 03:00:00+00:00,8.574600219726562,8.293999671936035
2010-10-18 06:00:00+00:00,8.760299682617188,8.411199569702148
2010-10-18 09:00:00+00:00,9.014800071716309,8.459099769592285
2010-10-18 12:00:00+00:00,9.283699989318848,8.717599868774414
2010-10-18 15:00:00+00:00,9.491999626159668,8.805700302124023
2010-10-18 18:00:00+00:00,9.62600040435791,8.826199531555176
2010-10-18 21:00:00+00:00,9.689800262451172,8.394700050354004
2010-10-19 00:00:00+00:00,9.651700019836426,8.233200073242188
2010-10-19 03:00:00+00:00,9.705599784851074,8.542099952697754
2010-10-19 06:00:00+00:00,10.353099822998047,9.292400360107422
2010-10-19 09:00:00+00:00,10.908699989318848,9.810600280761719
2010-10-19 12:00:00+00:00,11.146100044250488,10.024499893188477
2010-10-19 15:00:00+00:00,11.081399917602539,9.866700172424316
2010-10-19 18:00:00+00:00,10.96399974822998,9.875699996948242
2010-10-19 21:00:00+00:00,10.962499618530273,9.923299789428711
2010-10-20 00:00:00+00:00,10.961999893188477,9.765899658203125
2010-10-20 03:00:00+00:00,10.760299682617188,9.74269962310791
2010-10-20 06:00:00+00:00,10.757499694824219,10.249899864196777
2010-10-20 09:00:00+00:00,11.007200241088867,10.666799545288086
2010-10-20 12:00:00+00:00,11.395999908447266,11.371000289916992
2010-10-20 15:00:00+00:00,11.885700225830078,12.029999732971191
2010-10-20 18:00:00+00:00,12.34220027923584,12.493800163269043
2010-10-20 21:00:00+00:00,12.634900093078613,12.770299911499023
2010-10-21 00:00:00+00:00,12.781100273132324,12.913100242614746
2010-10-21 03:00:00+00:00,12.843799591064453,12.97819995880127
2010-10-21 06:00:00+00:00,12.834600448608398,12.554900169372559
2010-10-21 09:00:00+00:00,12.193900108337402,11.429699897766113
2010-10-21 12:00:00+00:00,11.331500053405762,10.844599723815918
2010-10-21 15:00:00+00:00,10.60200023651123,10.182999610900879
2010-10-21 18:00:00+00:00,9.872400283813477,8.77929973602295
2010-10-21 21:00:00+00:00,9.469200134277344,8.29640007019043
2010-10-22 00:00:00+00:00,8.733599662780762,8.619600296020508
2010-10-22 03:00:00+00:00,8.697999954223633,9.277799606323242
2010-10-22 06:00:00+00:00,8.924099922180176,9.59119987487793
2010-10-22 09:00:00+00:00,9.24020004272461,9.919599533081055
2010-10-22 12:00:00+00:00,9.988499641418457,10.391799926757812
2010-10-22 15:00:00+00:00,10.758500099182129,10.89169979095459
2010-10-22 18:00:00+00:00,10.905400276184082,10.736599922180176
2010-10-22 21:00:00+00:00,10.792499542236328,10.35949993133545
2010-10-23 00:00:00+00:00,10.415399551391602,9.167799949645996
2010-10-23 03:00:00+00:00,9.598899841308594,8.03969955444336
2010-10-23 06:00:00+00:00,8.604900360107422,7.695000171661377
2010-10-23 09:00:00+00:00,8.80620002746582,8.069999694824219
2010-10-23 12:00:00+00:00,8.583700180053711,8.515800476074219
2010-10-23 15:00:00+00:00,9.035599708557129,9.327300071716309
2010-10-23 18:00:00+00:00,9.670000076293945,10.68220043182373
2010-10-23 21:00:00+00:00,10.56190013885498,10.669099807739258
2010-10-24 00:00:00+00:00,10.26259994506836,9.906299591064453
2010-10-24 03:00:00+00:00,9.261500358581543,8.791999816894531
2010-10-24 06:00:00+00:00,9.147000312805176,9.135899543762207
2010-10-24 09:00:00+00:00,9.825900077819824,9.687700271606445
2010-10-24 12:00:00+00:00,9.77560043334961,9.908699989318848
2010-10-24 15:00:00+00:00,10.001799583435059,10.356599807739258
2010-10-24 18:00:00+00:00,11.380900382995605,11.919899940490723
2010-10-24 21:00:00+00:00,12.509900093078613,12.861499786376953
2010-10-25 00:00:00+00:00,12.793399810791016,13.019499778747559
2010-10-25 03:00:00+00:00,13.05679988861084,13.335399627685547
2010-10-25 06:00:00+00:00,13.182600021362305,13.372900009155273
2010-10-25 09:00:00+00:00,13.430100440979004,13.6181001663208
2010-10-25 12:00:00+00:00,13.346799850463867,13.882800102233887
2010-10-25 15:00:00+00:00,13.703700065612793,14.111000061035156
2010-10-25 18:00:00+00:00,13.753899574279785,13.928400039672852
2010-10-25 21:00:00+00:00,13.431699752807617,13.399499893188477
2010-10-26 00:00:00+00:00,12.97760009765625,12.970600128173828
2010-10-26 03:00:00+00:00,12.768699645996094,12.89169979095459
2010-10-26 06:00:00+00:00,12.720399856567383,12.56980037689209
2010-10-26 09:00:00+00:00,12.627799987792969,12.447999954223633
2010-10-26 12:00:00+00:00,12.221500396728516,12.170999526977539
2010-10-26 15:00:00+00:00,11.76099967956543,11.95460033416748
2010-10-26 18:00:00+00:00,11.4483003616333,11.685199737548828
2010-10-26 21:00:00+00:00,11.412699699401855,11.602499961853027
2010-10-27 00:00:00+00:00,11.191100120544434,11.513500213623047
2010-10-27 03:00:00+00:00,10.907600402832031,11.255000114440918
2010-10-27 06:00:00+00:00,10.576199531555176,10.906299591064453
2010-10-27 09:00:00+00:00,10.325599670410156,10.618399620056152
2010-10-27 12:00:00+00:00,10.170999526977539,10.437399864196777
2010-10-27 15:00:00+00:00,10.064800262451172,10.203100204467773
2010-10-27 18:00:00+00:00,9.677599906921387,9.543499946594238
2010-10-27 21:00:00+00:00,9.606200218200684,8.45419979095459
2010-10-28 00:00:00+00:00,9.522100448608398,7.376100063323975
2010-10-28 03:00:00+00:00,8.941200256347656,8.341899871826172
2010-10-28 06:00:00+00:00,9.167400360107422,9.169099807739258
2010-10-28 09:00:00+00:00,10.336199760437012,9.390399932861328
2010-10-28 12:00:00+00:00,9.891200065612793,9.134900093078613
2010-10-28 15:00:00+00:00,9.658499717712402,9.003600120544434
2010-10-28 18:00:00+00:00,9.062199592590332,8.701000213623047
2010-10-28 21:00:00+00:00,9.62279987335205,9.432600021362305
2010-10-29 00:00:00+00:00,10.442500114440918,10.3125
2010-10-29 03:00:00+00:00,11.512700080871582,11.389900207519531
2010-10-29 06:00:00+00:00,11.831299781799316,11.546899795532227
2010-10-29 09:00:00+00:00,11.493599891662598,11.189000129699707
2010-10-29 12:00:00+00:00,10.928999900817871,10.696200370788574
2010-10-29 15:00:00+00:00,10.458999633789062,10.3056001663208
2010-10-29 18:00:00+00:00,10.15429973602295,10.025699615478516
2010-10-29 21:00:00+00:00,9.961099624633789,9.88290023803711
2010-10-30 00:00:00+00:00,9.84060001373291,9.752599716186523
2010-10-30 03:00:00+00:00,9.759699821472168,9.670299530029297
2010-10-30 06:00:00+00:00,9.691900253295898,9.645099639892578
2010-10-30 09:00:00+00:00,9.659600257873535,9.658699989318848
2010-10-30 12:00:00+00:00,9.672800064086914,9.420499801635742
2010-10-30 15:00:00+00:00,9.774399757385254,9.188599586486816
2010-10-30 18:00:00+00:00,9.512299537658691,7.907199859619141
2010-10-30 21:00:00+00:00,8.031100273132324,7.202600002288818
2010-10-31 00:00:00+00:00,7.3024001121521,7.530300140380859
2010-10-31 03:00:00+00:00,7.617000102996826,7.9328999519348145
2010-10-31 06:00:00+00:00,8.760199546813965,8.960700035095215
2010-10-31 09:00:00+00:00,9.529800415039062,9.518400192260742
2010-10-31 12:00:00+00:00,9.80210018157959,9.818699836730957
2010-10-31 15:00:00+00:00,9.939499855041504,10.00790023803711
2010-10-31 18:00:00+00:00,10.082500457763672,10.166399955749512
2010-10-31 21:00:00+00:00,10.217499732971191,9.997599601745605
2010-11-01 00:00:00+00:00,10.1850004196167,8.585700035095215
2010-11-01 03:00:00+00:00,9.2298002243042,7.984799861907959
2010-11-01 06:00:00+00:00,7.710100173950195,7.852799892425537
2010-11-01 09:00:00+00:00,7.933499813079834,8.059000015258789
2010-11-01 12:00:00+00:00,8.117199897766113,8.04640007019043
2010-11-01 15:00:00+00:00,8.561400413513184,8.357099533081055
2010-11-01 18:00:00+00:00,9.515899658203125,9.025400161743164
2010-11-01 21:00:00+00:00,10.352100372314453,9.71049976348877
2010-11-02 00:00:00+00:00,11.812999725341797,11.50879955291748
2010-11-02 03:00:00+00:00,15.10789966583252,15.305800437927246
2010-11-02 06:00:00+00:00,16.706300735473633,16.794599533081055
2010-11-02 09:00:00+00:00,16.918100357055664,16.969999313354492
2010-11-02 12:00:00+00:00,16.7278995513916,16.81679916381836
2010-11-02 15:00:00+00:00,16.393400192260742,16.51020050048828
2010-11-02 18:00:00+00:00,16.01650047302246,16.14620018005371
2010-11-02 21:00:00+00:00,15.618800163269043,15.767399787902832
2010-11-03 00:00:00+00:00,15.213600158691406,15.38640022277832
2010-11-03 03:00:00+00:00,14.823699951171875,15.012499809265137
2010-11-03 06:00:00+00:00,14.449700355529785,14.659700393676758
2010-11-03 09:00:00+00:00,14.093899726867676,14.324600219726562
2010-11-03 12:00:00+00:00,13.752599716186523,14.009599685668945
2010-11-03 15:00:00+00:00,13.449399948120117,13.717000007629395
2010-11-03 18:00:00+00:00,13.179300308227539,13.442399978637695
2010-11-03 21:00:00+00:00,12.941300392150879,13.17549991607666
2010-11-04 00:00:00+00:00,12.71049976348877,12.79069995880127
2010-11-04 03:00:00+00:00,12.481100082397461,12.52970027923584
2010-11-04 06:00:00+00:00,12.239899635314941,12.064800262451172
2010-11-04 09:00:00+00:00,11.906800270080566,11.347900390625
2010-11-04 12:00:00+00:00,11.168700218200684,11.018099784851074
2010-11-04 15:00:00+00:00,10.92039966583252,11.18690013885498
2010-11-04 18:00:00+00:00,11.133700370788574,11.433300018310547
2010-11-04 21:00:00+00:00,11.374600410461426,11.569600105285645
2010-11-05 00:00:00+00:00,11.444899559020996,11.564900398254395
2010-11-05 03:00:00+00:00,11.423600196838379,11.53909969329834
2010-11-05 06:00:00+00:00,11.401800155639648,11.495599746704102
2010-11-05 09:00:00+00:00,11.395400047302246,11.48009967803955
2010-11-05 12:00:00+00:00,11.505000114440918,11.663200378417969
2010-11-05 15:00:00+00:00,11.77929973602295,11.943400382995605
2010-11-05 18:00:00+00:00,11.954899787902832,12.047499656677246
2010-11-05 21:00:00+00:00,11.801300048828125,12.015999794006348
2010-11-06 00:00:00+00:00,11.70680046081543,11.92240047454834
2010-11-06 03:00:00+00:00,11.603500366210938,11.758099555969238
2010-11-06 06:00:00+00:00,11.480899810791016,11.604100227355957
2010-11-06 09:00:00+00:00,11.344400405883789,11.467100143432617
2010-11-06 12:00:00+00:00,11.161399841308594,11.291799545288086
2010-11-06 15:00:00+00:00,10.932700157165527,10.185400009155273
2010-11-06 18:00:00+00:00,10.289199829101562,9.075900077819824
2010-11-06 21:00:00+00:00,8.713800430297852,7.642499923706055
2010-11-07 00:00:00+00:00,7.763000011444092,7.465199947357178
2010-11-07 03:00:00+00:00,8.294400215148926,8.491000175476074
2010-11-07 06:00:00+00:00,9.179499626159668,9.20419979095459
2010-11-07 09:00:00+00:00,9.481599807739258,9.484299659729004
2010-11-07 12:00:00+00:00,9.486700057983398,9.53030014038086
2010-11-07 15:00:00+00:00,9.52180004119873,9.59570026397705
2010-11-07 18:00:00+00:00,9.639200210571289,9.782299995422363
2010-11-07 21:00:00+00:00,9.908499717712402,10.163599967956543
2010-11-08 00:00:00+00:00,10.243000030517578,10.54520034790039
2010-11-08 03:00:00+00:00,10.597000122070312,10.846599578857422
2010-11-08 06:00:00+00:00,10.876299858093262,11.102100372314453
2010-11-08 09:00:00+00:00,11.187100410461426,11.374199867248535
2010-11-08 12:00:00+00:00,11.500900268554688,11.644800186157227
2010-11-08 15:00:00+00:00,11.745200157165527,11.842399597167969
2010-11-08 18:00:00+00:00,11.839500427246094,11.916199684143066
2010-11-08 21:00:00+00:00,11.823200225830078,11.8193998336792
2010-11-09 00:00:00+00:00,11.674400329589844,11.732000350952148
2010-11-09 03:00:00+00:00,11.566800117492676,11.69540023803711
2010-11-09 06:00:00+00:00,11.385100364685059,11.593899726867676
2010-11-09 09:00:00+00:00,10.852399826049805,10.747400283813477
2010-11-09 12:00:00+00:00,9.436100006103516,8.48740005493164
2010-11-09 15:00:00+00:00,8.423500061035156,8.043100357055664
2010-11-09 18:00:00+00:00,8.733799934387207,8.870699882507324
2010-11-09 21:00:00+00:00,9.282699584960938,9.034799575805664
2010-11-10 00:00:00+00:00,9.004899978637695,9.087200164794922
2010-11-10 03:00:00+00:00,9.531900405883789,10.032600402832031
2010-11-10 06:00:00+00:00,10.434599876403809,10.707500457763672
2010-11-10 09:00:00+00:00,11.484700202941895,11.515000343322754
2010-11-10 12:00:00+00:00,12.516200065612793,12.38129997253418
2010-11-10 15:00:00+00:00,13.39579963684082,13.258500099182129
2010-11-10 18:00:00+00:00,13.73550033569336,13.67199993133545
2010-11-10 21:00:00+00:00,13.639399528503418,13.624199867248535
2010-11-11 00:00:00+00:00,13.291299819946289,13.333000183105469
2010-11-11 03:00:00+00:00,12.978400230407715,13.100199699401855
2010-11-11 06:00:00+00:00,12.708700180053711,12.827199935913086
2010-11-11 09:00:00+00:00,12.34589958190918,12.451499938964844
2010-11-11 12:00:00+00:00,12.004599571228027,12.145700454711914
2010-11-11 15:00:00+00:00,11.719200134277344,11.876199722290039
2010-11-11 18:00:00+00:00,10.914799690246582,11.35770034790039
2010-11-11 21:00:00+00:00,9.271300315856934,9.665300369262695
2010-11-12 00:00:00+00:00,8.334699630737305,8.834600448608398
2010-11-12 03:00:00+00:00,9.080699920654297,9.439200401306152
2010-11-12 06:00:00+00:00,9.41450023651123,9.752599716186523
2010-11-12 09:00:00+00:00,9.84060001373291,10.183600425720215
2010-11-12 12:00:00+00:00,10.548700332641602,11.093299865722656
2010-11-12 15:00:00+00:00,11.84570026397705,12.605299949645996
2010-11-12 18:00:00+00:00,13.149499893188477,13.707500457763672
2010-11-12 21:00:00+00:00,13.73740005493164,14.071800231933594
2010-11-13 00:00:00+00:00,13.876700401306152,14.077899932861328
2010-11-13 03:00:00+00:00,13.762399673461914,13.861300468444824
2010-11-13 06:00:00+00:00,13.43850040435791,13.473899841308594
2010-11-13 09:00:00+00:00,13.00100040435791,13.010199546813965
2010-11-13 12:00:00+00:00,12.559399604797363,12.577400207519531
2010-11-13 15:00:00+00:00,12.175999641418457,12.276200294494629
2010-11-13 18:00:00+00:00,11.307100296020508,12.105899810791016
2010-11-13 21:00:00+00:00,10.887999534606934,11.838199615478516
2010-11-14 00:00:00+00:00,11.245100021362305,11.579299926757812
2010-11-14 03:00:00+00:00,11.40839958190918,11.512200355529785
2010-11-14 06:00:00+00:00,11.388899803161621,11.433500289916992
2010-11-14 09:00:00+00:00,11.289600372314453,11.169599533081055
2010-11-14 12:00:00+00:00,11.006699562072754,10.598899841308594
2010-11-14 15:00:00+00:00,10.687800407409668,10.406200408935547
2010-11-14 18:00:00+00:00,10.469799995422363,10.180399894714355
2010-11-14 21:00:00+00:00,10.32919979095459,10.079099655151367
2010-11-15 00:00:00+00:00,10.30720043182373,10.088700294494629
2010-11-15 03:00:00+00:00,10.395400047302246,10.289400100708008
2010-11-15 06:00:00+00:00,10.534600257873535,10.42140007019043
2010-11-15 09:00:00+00:00,10.658599853515625,10.601400375366211
2010-11-15 12:00:00+00:00,10.73840045928955,10.689800262451172
2010-11-15 15:00:00+00:00,10.786199569702148,10.74839973449707
2010-11-15 18:00:00+00:00,10.833100318908691,10.819100379943848
2010-11-15 21:00:00+00:00,10.774299621582031,10.80620002746582
2010-11-16 00:00:00+00:00,10.289899826049805,10.191699981689453
2010-11-16 03:00:00+00:00,9.616999626159668,9.841899871826172
2010-11-16 06:00:00+00:00,9.294500350952148,9.873900413513184
2010-11-16 09:00:00+00:00,9.209400177001953,9.612600326538086
2010-11-16 12:00:00+00:00,10.020999908447266,9.795000076293945
2010-11-16 15:00:00+00:00,10.516400337219238,10.432600021362305
2010-11-16 18:00:00+00:00,10.858200073242188,10.906399726867676
2010-11-16 21:00:00+00:00,11.266599655151367,11.22089958190918
2010-11-17 00:00:00+00:00,11.5108003616333,11.535200119018555
2010-11-17 03:00:00+00:00,11.598799705505371,11.66569995880127
2010-11-17 06:00:00+00:00,11.565500259399414,11.658499717712402
2010-11-17 09:00:00+00:00,11.410699844360352,11.541399955749512
2010-11-17 12:00:00+00:00,11.163800239562988,11.34160041809082
2010-11-17 15:00:00+00:00,10.017399787902832,10.968799591064453
2010-11-17 18:00:00+00:00,8.611900329589844,9.569299697875977
2010-11-17 21:00:00+00:00,7.770400047302246,8.335000038146973
2010-11-18 00:00:00+00:00,8.353899955749512,8.0625
2010-11-18 03:00:00+00:00,9.396499633789062,8.5600004196167
2010-11-18 06:00:00+00:00,10.105299949645996,9.372699737548828
2010-11-18 09:00:00+00:00,9.951399803161621,9.32129955291748
2010-11-18 12:00:00+00:00,9.840999603271484,9.79419994354248
2010-11-18 15:00:00+00:00,10.334699630737305,10.420700073242188
2010-11-18 18:00:00+00:00,10.328300476074219,10.601200103759766
2010-11-18 21:00:00+00:00,10.195300102233887,10.560500144958496
2010-11-19 00:00:00+00:00,10.041899681091309,10.468400001525879
2010-11-19 03:00:00+00:00,10.041099548339844,10.586400032043457
2010-11-19 06:00:00+00:00,10.406200408935547,10.961299896240234
2010-11-19 09:00:00+00:00,10.71720027923584,11.212400436401367
2010-11-19 12:00:00+00:00,10.2431001663208,10.63379955291748
2010-11-19 15:00:00+00:00,9.565600395202637,10.310400009155273
2010-11-19 18:00:00+00:00,9.621600151062012,10.17389965057373
2010-11-19 21:00:00+00:00,9.4576997756958,10.380200386047363
2010-11-20 00:00:00+00:00,9.434200286865234,10.229399681091309
2010-11-20 03:00:00+00:00,9.390000343322754,10.032099723815918
2010-11-20 06:00:00+00:00,9.210399627685547,9.749500274658203
2010-11-20 09:00:00+00:00,9.096799850463867,9.47659969329834
2010-11-20 12:00:00+00:00,9.057600021362305,9.187800407409668
2010-11-20 15:00:00+00:00,9.060199737548828,9.290300369262695
2010-11-20 18:00:00+00:00,9.17590045928955,9.51990032196045
2010-11-20 21:00:00+00:00,9.421199798583984,9.717100143432617
2010-11-21 00:00:00+00:00,9.617300033569336,9.921899795532227
2010-11-21 03:00:00+00:00,9.956600189208984,9.937899589538574
2010-11-21 06:00:00+00:00,10.317299842834473,9.902099609375
2010-11-21 09:00:00+00:00,9.909600257873535,9.620800018310547
2010-11-21 12:00:00+00:00,9.364500045776367,9.23960018157959
2010-11-21 15:00:00+00:00,9.45680046081543,9.44909954071045
2010-11-21 18:00:00+00:00,9.596099853515625,9.006600379943848
2010-11-21 21:00:00+00:00,8.369000434875488,8.937600135803223
2010-11-22 00:00:00+00:00,8.115900039672852,8.601400375366211
2010-11-22 03:00:00+00:00,8.54580020904541,8.519000053405762
2010-11-22 06:00:00+00:00,8.595800399780273,8.725199699401855
2010-11-22 09:00:00+00:00,8.83810043334961,9.149399757385254
2010-11-22 12:00:00+00:00,9.039999961853027,9.227999687194824
2010-11-22 15:00:00+00:00,8.780400276184082,9.381699562072754
2010-11-22 18:00:00+00:00,8.176600456237793,9.292699813842773
2010-11-22 21:00:00+00:00,7.6697001457214355,8.575900077819824
2010-11-23 00:00:00+00:00,7.710400104522705,7.6631999015808105
2010-11-23 03:00:00+00:00,8.680999755859375,7.549799919128418
2010-11-23 06:00:00+00:00,9.632100105285645,8.850500106811523
2010-11-23 09:00:00+00:00,9.894399642944336,9.533499717712402
2010-11-23 12:00:00+00:00,9.531000137329102,10.103599548339844
2010-11-23 15:00:00+00:00,9.364100456237793,10.171500205993652
2010-11-23 18:00:00+00:00,9.413700103759766,9.655799865722656
2010-11-23 21:00:00+00:00,9.486599922180176,9.664299964904785
2010-11-24 00:00:00+00:00,9.431900024414062,9.496600151062012
2010-11-24 03:00:00+00:00,9.360899925231934,9.456500053405762
2010-11-24 06:00:00+00:00,9.29800033569336,9.307100296020508
2010-11-24 09:00:00+00:00,9.18809986114502,9.192700386047363
2010-11-24 12:00:00+00:00,9.028599739074707,9.043299674987793
2010-11-24 15:00:00+00:00,8.858099937438965,8.913599967956543
2010-11-24 18:00:00+00:00,8.720100402832031,8.805800437927246
2010-11-24 21:00:00+00:00,8.51729965209961,8.731800079345703
2010-11-25 00:00:00+00:00,8.348799705505371,8.643799781799316
2010-11-25 03:00:00+00:00,8.48270034790039,8.223699569702148
2010-11-25 06:00:00+00:00,8.589799880981445,8.203200340270996
2010-11-25 09:00:00+00:00,8.519599914550781,8.258500099182129
2010-11-25 12:00:00+00:00,8.336700439453125,8.290499687194824
2010-11-25 15:00:00+00:00,7.849899768829346,8.347700119018555
2010-11-25 18:00:00+00:00,7.391300201416016,8.447199821472168
2010-11-25 21:00:00+00:00,7.6468000411987305,8.572099685668945
2010-11-26 00:00:00+00:00,7.928999900817871,8.65060043334961
2010-11-26 03:00:00+00:00,7.419899940490723,7.709199905395508
2010-11-26 06:00:00+00:00,6.1508002281188965,6.052999973297119
2010-11-26 09:00:00+00:00,6.353600025177002,6.356200218200684
2010-11-26 12:00:00+00:00,7.255300045013428,7.063000202178955
2010-11-26 15:00:00+00:00,7.902699947357178,7.549300193786621
2010-11-26 18:00:00+00:00,8.715399742126465,8.274399757385254
2010-11-26 21:00:00+00:00,9.038900375366211,8.963199615478516
2010-11-27 00:00:00+00:00,9.197699546813965,9.574799537658691
2010-11-27 03:00:00+00:00,9.635199546813965,9.883299827575684
2010-11-27 06:00:00+00:00,10.041500091552734,10.209199905395508
2010-11-27 09:00:00+00:00,10.446700096130371,10.51710033416748
2010-11-27 12:00:00+00:00,10.708200454711914,10.7701997756958
2010-11-27 15:00:00+00:00,10.927000045776367,10.964699745178223
2010-11-27 18:00:00+00:00,11.111700057983398,11.049200057983398
2010-11-27 21:00:00+00:00,11.215399742126465,11.121500015258789
2010-11-28 00:00:00+00:00,11.237899780273438,10.929800033569336
2010-11-28 03:00:00+00:00,10.908699989318848,10.6899995803833
2010-11-28 06:00:00+00:00,10.559300422668457,10.471099853515625
2010-11-28 09:00:00+00:00,10.720999717712402,10.74899959564209
2010-11-28 12:00:00+00:00,10.812899589538574,10.84060001373291
2010-11-28 15:00:00+00:00,10.802000045776367,10.82610034942627
2010-11-28 18:00:00+00:00,10.62720012664795,10.770500183105469
2010-11-28 21:00:00+00:00,10.492300033569336,10.66510009765625
2010-11-29 00:00:00+00:00,10.383399963378906,10.514699935913086
2010-11-29 03:00:00+00:00,10.250499725341797,10.347100257873535
2010-11-29 06:00:00+00:00,10.095800399780273,10.170700073242188
2010-11-29 09:00:00+00:00,9.898900032043457,9.971699714660645
2010-11-29 12:00:00+00:00,9.349900245666504,9.767000198364258
2010-11-29 15:00:00+00:00,8.793399810791016,9.05840015411377
2010-11-29 18:00:00+00:00,7.972300052642822,7.662899971008301
2010-11-29 21:00:00+00:00,7.237500190734863,6.665800094604492
2010-11-30 00:00:00+00:00,6.47760009765625,6.409299850463867
2010-11-30 03:00:00+00:00,6.898399829864502,6.97790002822876
2010-11-30 06:00:00+00:00,7.604499816894531,7.3979997634887695
2010-11-30 09:00:00+00:00,8.039600372314453,7.807499885559082
2010-11-30 12:00:00+00:00,8.416399955749512,8.441699981689453
2010-11-30 15:00:00+00:00,9.062700271606445,8.740699768066406
2010-11-30 18:00:00+00:00,9.388400077819824,9.326899528503418
2010-11-30 21:00:00+00:00,9.788700103759766,9.8371000289917
2010-12-01 00:00:00+00:00,9.921899795532227,9.990599632263184
2010-12-01 03:00:00+00:00,10.068599700927734,10.031399726867676
2010-12-01 06:00:00+00:00,10.391500473022461,10.141500473022461
2010-12-01 09:00:00+00:00,10.5378999710083,10.287400245666504
2010-12-01 12:00:00+00:00,10.640299797058105,10.434300422668457
2010-12-01 15:00:00+00:00,10.645099639892578,10.541600227355957
2010-12-01 18:00:00+00:00,10.61870002746582,10.570199966430664
2010-12-01 21:00:00+00:00,10.642600059509277,10.606599807739258
2010-12-02 00:00:00+00:00,10.79740047454834,10.727999687194824
2010-12-02 03:00:00+00:00,11.126199722290039,11.01609992980957
2010-12-02 06:00:00+00:00,11.499300003051758,11.377300262451172
2010-12-02 09:00:00+00:00,11.695500373840332,11.604599952697754
2010-12-02 12:00:00+00:00,11.675700187683105,11.633999824523926
2010-12-02 15:00:00+00:00,11.536299705505371,11.529600143432617
2010-12-02 18:00:00+00:00,11.333600044250488,11.350199699401855
2010-12-02 21:00:00+00:00,11.10200023651123,11.132599830627441
2010-12-03 00:00:00+00:00,10.875800132751465,10.916199684143066
2010-12-03 03:00:00+00:00,10.677900314331055,10.727700233459473
2010-12-03 06:00:00+00:00,10.498800277709961,10.556699752807617
2010-12-03 09:00:00+00:00,10.329500198364258,10.397700309753418
2010-12-03 12:00:00+00:00,10.162500381469727,10.243300437927246
2010-12-03 15:00:00+00:00,9.993599891662598,10.087599754333496
2010-12-03 18:00:00+00:00,9.81149959564209,9.927599906921387
2010-12-03 21:00:00+00:00,9.63379955291748,9.771300315856934
2010-12-04 00:00:00+00:00,9.242600440979004,9.402400016784668
2010-12-04 03:00:00+00:00,8.669300079345703,8.335700035095215
2010-12-04 06:00:00+00:00,8.335800170898438,7.8566999435424805
2010-12-04 09:00:00+00:00,8.187199592590332,8.061400413513184
2010-12-04 12:00:00+00:00,8.59119987487793,8.594599723815918
2010-12-04 15:00:00+00:00,9.89579963684082,9.918299674987793
2010-12-04 18:00:00+00:00,10.633899688720703,10.534199714660645
2010-12-04 21:00:00+00:00,10.7608003616333,10.826000213623047
2010-12-05 00:00:00+00:00,10.630399703979492,10.780400276184082
2010-12-05 03:00:00+00:00,10.236900329589844,10.521300315856934
2010-12-05 06:00:00+00:00,9.552800178527832,9.94379997253418
2010-12-05 09:00:00+00:00,9.410900115966797,9.301600456237793
2010-12-05 12:00:00+00:00,9.76159954071045,9.753399848937988
2010-12-05 15:00:00+00:00,10.110300064086914,9.597200393676758
2010-12-05 18:00:00+00:00,9.761500358581543,9.086099624633789
2010-12-05 21:00:00+00:00,9.31470012664795,8.745699882507324
2010-12-06 00:00:00+00:00,9.014200210571289,8.609100341796875
2010-12-06 03:00:00+00:00,8.587300300598145,8.215999603271484
2010-12-06 06:00:00+00:00,8.038700103759766,7.6971001625061035
2010-12-06 09:00:00+00:00,7.9670000076293945,7.748700141906738
2010-12-06 12:00:00+00:00,8.799500465393066,7.462800025939941
2010-12-06 15:00:00+00:00,9.167799949645996,7.914299964904785
2010-12-06 18:00:00+00:00,8.808199882507324,8.024399757385254
2010-12-06 21:00:00+00:00,8.91510009765625,7.886499881744385
2010-12-07 00:00:00+00:00,8.38010025024414,7.967100143432617
2010-12-07 03:00:00+00:00,8.589599609375,8.690500259399414
2010-12-07 06:00:00+00:00,9.187000274658203,9.108400344848633
2010-12-07 09:00:00+00:00,10.073100090026855,9.373000144958496
2010-12-07 12:00:00+00:00,10.414999961853027,9.758000373840332
2010-12-07 15:00:00+00:00,10.96560001373291,10.00570011138916
2010-12-07 18:00:00+00:00,10.999199867248535,10.053799629211426
2010-12-07 21:00:00+00:00,11.300800323486328,10.221599578857422
2010-12-08 00:00:00+00:00,11.344900131225586,10.168299674987793
2010-12-08 03:00:00+00:00,11.553299903869629,10.549300193786621
2010-12-08 06:00:00+00:00,11.347599983215332,10.964799880981445
2010-12-08 09:00:00+00:00,11.228500366210938,11.066100120544434
2010-12-08 12:00:00+00:00,11.049699783325195,10.948200225830078
2010-12-08 15:00:00+00:00,10.738200187683105,10.776200294494629
2010-12-08 18:00:00+00:00,10.53279972076416,10.922599792480469
2010-12-08 21:00:00+00:00,10.814200401306152,11.428600311279297
2010-12-09 00:00:00+00:00,11.142999649047852,11.803899765014648
2010-12-09 03:00:00+00:00,11.566100120544434,11.936300277709961
2010-12-09 06:00:00+00:00,11.23270034790039,11.440699577331543
2010-12-09 09:00:00+00:00,10.954000473022461,10.951199531555176
2010-12-09 12:00:00+00:00,10.59939956665039,10.650500297546387
2010-12-09 15:00:00+00:00,10.430299758911133,10.375399589538574
2010-12-09 18:00:00+00:00,10.011500358581543,9.811599731445312
2010-12-09 21:00:00+00:00,9.5024995803833,9.152600288391113
2010-12-10 00:00:00+00:00,8.900300025939941,9.125399589538574
2010-12-10 03:00:00+00:00,8.873200416564941,9.008700370788574
2010-12-10 06:00:00+00:00,9.079500198364258,9.382100105285645
2010-12-10 09:00:00+00:00,9.583999633789062,9.711000442504883
2010-12-10 12:00:00+00:00,9.760499954223633,9.77180004119873
2010-12-10 15:00:00+00:00,9.337699890136719,9.384099960327148
2010-12-10 18:00:00+00:00,9.305800437927246,9.454999923706055
2010-12-10 21:00:00+00:00,9.642000198364258,9.637299537658691
2010-12-11 00:00:00+00:00,9.714200019836426,9.684499740600586
2010-12-11 03:00:00+00:00,9.677599906921387,9.65429973602295
2010-12-11 06:00:00+00:00,9.597399711608887,9.587499618530273
2010-12-11 09:00:00+00:00,9.50510025024414,9.511899948120117
2010-12-11 12:00:00+00:00,9.432299613952637,9.365699768066406
2010-12-11 15:00:00+00:00,9.355299949645996,7.646699905395508
2010-12-11 18:00:00+00:00,8.236599922180176,7.74429988861084
2010-12-11 21:00:00+00:00,6.99429988861084,7.969200134277344
2010-12-12 00:00:00+00:00,8.263500213623047,8.248100280761719
2010-12-12 03:00:00+00:00,8.23390007019043,8.277700424194336
2010-12-12 06:00:00+00:00,8.295100212097168,8.338199615478516
2010-12-12 09:00:00+00:00,8.612199783325195,8.344200134277344
2010-12-12 12:00:00+00:00,8.404999732971191,8.383399963378906
2010-12-12 15:00:00+00:00,8.447999954223633,8.285799980163574
2010-12-12 18:00:00+00:00,8.700900077819824,8.49209976196289
2010-12-12 21:00:00+00:00,9.645099639892578,9.272899627685547
2010-12-13 00:00:00+00:00,9.703800201416016,9.464200019836426
2010-12-13 03:00:00+00:00,9.218299865722656,9.315999984741211
2010-12-13 06:00:00+00:00,9.644599914550781,9.669699668884277
2010-12-13 09:00:00+00:00,10.106100082397461,9.931599617004395
2010-12-13 12:00:00+00:00,10.270099639892578,9.981300354003906
2010-12-13 15:00:00+00:00,10.352800369262695,9.94629955291748
2010-12-13 18:00:00+00:00,10.168399810791016,9.73799991607666
2010-12-13 21:00:00+00:00,9.719200134277344,9.161700248718262
2010-12-14 00:00:00+00:00,8.838500022888184,8.0201997756958
2010-12-14 03:00:00+00:00,8.251899719238281,7.895699977874756
2010-12-14 06:00:00+00:00,7.982699871063232,7.8709001541137695
2010-12-14 09:00:00+00:00,8.838399887084961,8.788999557495117
2010-12-14 12:00:00+00:00,9.60420036315918,9.633000373840332
2010-12-14 15:00:00+00:00,9.756799697875977,10.012499809265137
2010-12-14 18:00:00+00:00,10.038000106811523,10.378000259399414
2010-12-14 21:00:00+00:00,10.429400444030762,10.724800109863281
2010-12-15 00:00:00+00:00,10.534000396728516,10.64780044555664
2010-12-15 03:00:00+00:00,10.45419979095459,10.556900024414062
2010-12-15 06:00:00+00:00,10.481499671936035,10.685199737548828
2010-12-15 09:00:00+00:00,10.592000007629395,10.826700210571289
2010-12-15 12:00:00+00:00,10.688199996948242,10.866399765014648
2010-12-15 15:00:00+00:00,10.779800415039062,10.887299537658691
2010-12-15 18:00:00+00:00,10.741100311279297,10.692999839782715
2010-12-15 21:00:00+00:00,9.900099754333496,10.037699699401855
2010-12-16 00:00:00+00:00,9.4266996383667,9.839599609375
2010-12-16 03:00:00+00:00,9.613900184631348,9.873000144958496
2010-12-16 06:00:00+00:00,9.62090015411377,9.762900352478027
2010-12-16 09:00:00+00:00,9.535799980163574,9.577500343322754
2010-12-16 12:00:00+00:00,9.465800285339355,9.446499824523926
2010-12-16 15:00:00+00:00,9.437100410461426,9.441499710083008
2010-12-16 18:00:00+00:00,9.29640007019043,9.144100189208984
2010-12-16 21:00:00+00:00,9.376199722290039,9.103599548339844
2010-12-17 00:00:00+00:00,9.436400413513184,8.658599853515625
2010-12-17 03:00:00+00:00,9.470999717712402,8.552800178527832
2010-12-17 06:00:00+00:00,9.282899856567383,8.767900466918945
2010-12-17 09:00:00+00:00,9.53219985961914,9.25510025024414
2010-12-17 12:00:00+00:00,9.736900329589844,9.217599868774414
2010-12-17 15:00:00+00:00,9.707500457763672,8.888500213623047
2010-12-17 18:00:00+00:00,9.672300338745117,8.77929973602295
2010-12-17 21:00:00+00:00,9.837400436401367,9.036999702453613
2010-12-18 00:00:00+00:00,9.847800254821777,9.050700187683105
2010-12-18 03:00:00+00:00,9.36299991607666,8.81470012664795
2010-12-18 06:00:00+00:00,8.496600151062012,8.016200065612793
2010-12-18 09:00:00+00:00,8.488499641418457,8.5423002243042
2010-12-18 12:00:00+00:00,7.772900104522705,8.829000473022461
2010-12-18 15:00:00+00:00,8.8149995803833,8.826899528503418
2010-12-18 18:00:00+00:00,9.25529956817627,9.086400032043457
2010-12-18 21:00:00+00:00,9.140000343322754,8.831000328063965
2010-12-19 00:00:00+00:00,8.990500450134277,8.709699630737305
2010-12-19 03:00:00+00:00,8.974699974060059,8.928000450134277
2010-12-19 06:00:00+00:00,9.459699630737305,9.371199607849121
2010-12-19 09:00:00+00:00,9.934399604797363,9.762100219726562
2010-12-19 12:00:00+00:00,9.898699760437012,9.597100257873535
2010-12-19 15:00:00+00:00,9.664600372314453,8.860899925231934
2010-12-19 18:00:00+00:00,9.467300415039062,8.678400039672852
2010-12-19 21:00:00+00:00,9.286100387573242,8.065400123596191
2010-12-20 00:00:00+00:00,8.296299934387207,8.31190013885498
2010-12-20 03:00:00+00:00,7.737299919128418,8.828100204467773
2010-12-20 06:00:00+00:00,8.622300148010254,8.91670036315918
2010-12-20 09:00:00+00:00,9.121899604797363,8.821000099182129
2010-12-20 12:00:00+00:00,8.856100082397461,8.964599609375
2010-12-20 15:00:00+00:00,9.13539981842041,9.183600425720215
2010-12-20 18:00:00+00:00,9.402600288391113,9.689599990844727
2010-12-20 21:00:00+00:00,9.819499969482422,9.693900108337402
2010-12-21 00:00:00+00:00,9.770500183105469,9.671500205993652
2010-12-21 03:00:00+00:00,9.708800315856934,9.332300186157227
2010-12-21 06:00:00+00:00,8.967000007629395,8.827199935913086
2010-12-21 09:00:00+00:00,8.703900337219238,8.289299964904785
2010-12-21 12:00:00+00:00,8.210700035095215,8.251299858093262
2010-12-21 15:00:00+00:00,8.675399780273438,8.364100456237793
2010-12-21 18:00:00+00:00,8.495499610900879,8.635100364685059
2010-12-21 21:00:00+00:00,8.832300186157227,8.776399612426758
2010-12-22 00:00:00+00:00,8.395600318908691,8.747300148010254
2010-12-22 03:00:00+00:00,8.74370002746582,8.653400421142578
2010-12-22 06:00:00+00:00,8.404800415039062,8.30840015411377
2010-12-22 09:00:00+00:00,8.074199676513672,8.392999649047852
2010-12-22 12:00:00+00:00,8.15410041809082,8.67770004272461
2010-12-22 15:00:00+00:00,8.506999969482422,8.858400344848633
2010-12-22 18:00:00+00:00,8.582300186157227,8.850199699401855
2010-12-22 21:00:00+00:00,8.463600158691406,8.776300430297852
2010-12-23 00:00:00+00:00,7.967599868774414,8.225899696350098
2010-12-23 03:00:00+00:00,7.284299850463867,6.975599765777588
2010-12-23 06:00:00+00:00,6.387800216674805,6.716899871826172
2010-12-23 09:00:00+00:00,6.571300029754639,7.0742998123168945
2010-12-23 12:00:00+00:00,7.266900062561035,7.500199794769287
2010-12-23 15:00:00+00:00,8.282400131225586,7.7779998779296875
2010-12-23 18:00:00+00:00,8.461199760437012,8.066100120544434
2010-12-23 21:00:00+00:00,8.865300178527832,8.429900169372559
2010-12-24 00:00:00+00:00,9.021300315856934,8.842399597167969
2010-12-24 03:00:00+00:00,9.496000289916992,8.871700286865234
2010-12-24 06:00:00+00:00,9.487799644470215,9.12030029296875
2010-12-24 09:00:00+00:00,10.162599563598633,9.425299644470215
2010-12-24 12:00:00+00:00,9.912199974060059,9.817999839782715
2010-12-24 15:00:00+00:00,11.0871000289917,10.49899959564209
2010-12-24 18:00:00+00:00,11.34220027923584,10.642999649047852
2010-12-24 21:00:00+00:00,11.661800384521484,10.891400337219238
2010-12-25 00:00:00+00:00,11.53909969329834,10.930899620056152
2010-12-25 03:00:00+00:00,11.43809986114502,10.867500305175781
2010-12-25 06:00:00+00:00,11.328700065612793,10.359600067138672
2010-12-25 09:00:00+00:00,11.26710033416748,10.272299766540527
2010-12-25 12:00:00+00:00,10.739700317382812,10.474499702453613
2010-12-25 15:00:00+00:00,10.817099571228027,10.585399627685547
2010-12-25 18:00:00+00:00,10.341500282287598,10.094499588012695
2010-12-25 21:00:00+00:00,10.203900337219238,10.287099838256836
2010-12-26 00:00:00+00:00,10.225700378417969,10.473600387573242
2010-12-26 03:00:00+00:00,10.32509994506836,10.409299850463867
2010-12-26 06:00:00+00:00,9.637900352478027,9.045999526977539
2010-12-26 09:00:00+00:00,8.5108003616333,8.644700050354004
2010-12-26 12:00:00+00:00,8.128100395202637,9.032500267028809
2010-12-26 15:00:00+00:00,8.969300270080566,9.186300277709961
2010-12-26 18:00:00+00:00,8.937800407409668,9.338199615478516
2010-12-26 21:00:00+00:00,9.15470027923584,9.453800201416016
2010-12-27 00:00:00+00:00,9.250399589538574,9.531800270080566
2010-12-27 03:00:00+00:00,9.315199851989746,9.593500137329102
2010-12-27 06:00:00+00:00,9.633500099182129,10.086299896240234
2010-12-27 09:00:00+00:00,9.872300148010254,10.481900215148926
2010-12-27 12:00:00+00:00,9.891799926757812,10.199899673461914
2010-12-27 15:00:00+00:00,10.11359977722168,10.324299812316895
2010-12-27 18:00:00+00:00,10.138099670410156,9.276700019836426
2010-12-27 21:00:00+00:00,9.376099586486816,8.559100151062012
2010-12-28 00:00:00+00:00,8.084699630737305,8.237500190734863
2010-12-28 03:00:00+00:00,8.245499610900879,8.059399604797363
2010-12-28 06:00:00+00:00,8.584199905395508,8.314299583435059
2010-12-28 09:00:00+00:00,8.949299812316895,8.49269962310791
2010-12-28 12:00:00+00:00,8.912199974060059,8.712699890136719
2010-12-28 15:00:00+00:00,9.096699714660645,8.880900382995605
2010-12-28 18:00:00+00:00,9.227800369262695,8.765000343322754
2010-12-28 21:00:00+00:00,9.277999877929688,8.214699745178223
2010-12-29 00:00:00+00:00,9.169599533081055,8.906399726867676
2010-12-29 03:00:00+00:00,8.612299919128418,8.853799819946289
2010-12-29 06:00:00+00:00,7.4934000968933105,8.140199661254883
2010-12-29 09:00:00+00:00,7.869500160217285,8.235899925231934
2010-12-29 12:00:00+00:00,7.8597002029418945,8.091899871826172
2010-12-29 15:00:00+00:00,8.44890022277832,8.860799789428711
2010-12-29 18:00:00+00:00,9.184399604797363,9.460399627685547
2010-12-29 21:00:00+00:00,9.703200340270996,9.99839973449707
2010-12-30 00:00:00+00:00,9.828800201416016,10.070699691772461
2010-12-30 03:00:00+00:00,9.955100059509277,10.155599594116211
2010-12-30 06:00:00+00:00,9.965299606323242,10.088199615478516
2010-12-30 09:00:00+00:00,10.064599990844727,10.147000312805176
2010-12-30 12:00:00+00:00,10.124300003051758,10.319199562072754
2010-12-30 15:00:00+00:00,10.233699798583984,10.42609977722168
2010-12-30 18:00:00+00:00,10.239500045776367,10.364500045776367
2010-12-30 21:00:00+00:00,10.187800407409668,10.238900184631348
2010-12-31 00:00:00+00:00,10.108699798583984,10.081100463867188
2010-12-31 03:00:00+00:00,10.057000160217285,10.01509952545166
2010-12-31 06:00:00+00:00,10.124600410461426,10.168499946594238
2010-12-31 09:00:00+00:00,10.318300247192383,10.47130012512207
2010-12-31 12:00:00+00:00,10.616999626159668,10.82509994506836
2010-12-31 15:00:00+00:00,10.995800018310547,11.057100296020508
2010-12-31 18:00:00+00:00,10.88659954071045,10.885600090026855
2010-12-31 21:00:00+00:00,11.177000045776367,10.691900253295898
