t_peaks,peaks
0.015,0.809016994
0.035,0.809016994
0.05,1
0.065,0.809016994
0.085,0.809016994
0.1,1
0.115,0.809016994
0.135,0.809016994
0.15,1
0.165,0.809016994
0.185,0.809016994
0.2,1
0.215,0.809016994
0.235,0.809016994
